0,1,가계부,household account book
1,2,가구점,furniture store
2,3,가까이,near
3,4,가꾸다,to cultivate
4,5,가난,poverty
5,6,가늘다,to be thin
6,7,가능,"possibility, potentiality"
7,8,가능성,possibility
8,9,가능하다,to be possible
9,10,가득,full
10,11,가라앉다,to sink
11,12,가렵다,to be itchy
12,13,가루비누,powder soap
13,14,가리다,to distinguish
14,15,가리키다,to indicate
15,16,가만히,motionlessly
16,17,가뭄,drought
17,18,가사,housework
18,19,가상,virtual
19,20,가스,gas
20,21,가습기,humidifier
21,22,가입,entry
22,23,가전제품,home appliances
23,24,가정,family
24,25,가족적,being family-oriented
25,26,가축,livestock
26,27,가치,value
27,28,각각,"separately, each"
28,29,각자,each one
29,30,각종,various
30,31,간격,interval
31,32,간절히,eagerly
32,33,간접적,being indirect
33,34,간판,signboard
34,35,간호,nursing
35,36,갈다,to change
36,37,갈등,conflict
37,38,갈수록,more and more
38,39,갈아입다,to change clothes
39,40,감각,sense
40,41,감기다,to be twined
41,42,감독,director
42,43,감동적,moving (emotionally)
43,44,감상,appreciation
44,45,감소,reduction
45,46,감정,emotion
46,47,감탄,admiration
47,48,강물,river water
48,49,강변,riverside
49,50,강사,teacher
50,51,강수량,rain precipitation
51,52,강연,lecture
52,53,강우량,(the amount of) rainfall
53,54,강의,lecture
54,55,강의실,lecture hall
55,56,강조,emphasis
56,57,강하다,to be strong
57,58,갖추다,to prepare
58,59,갚다,"to return, to reward"
59,60,개강,start of course (lecture)
60,61,개구리,frog
61,62,개구쟁이,naughty child
62,63,개다,to clear up
63,64,개막식,opening ceremony
64,65,개발,development
65,66,개방,"opening, opening to the public"
66,67,개방적,being open
67,68,개선,improvement
68,69,개성,individuality
69,70,개성적,being characteristic
70,71,개인적,being personal
71,72,개최,hosting (an event)
72,73,객관적,being objective
73,74,객실,guest room
74,75,갸름하다,to be slim and long
75,76,걔,that person
76,77,거래,transaction
77,78,거미,spider
78,79,거북이,turtle
79,80,거스름돈,change
80,81,거절,rejection
81,82,거짓,lies
82,83,거치다,to go through
83,84,거품,bubble
84,85,걱정거리,worries
85,86,건강식,healthy diet
86,87,건강식품,healthy food
87,88,건너,across
88,89,건네다,"to hand over, to start (a conversation)"
89,90,건더기,solid ingredients of a soup
90,91,건망증,forgetfulness
91,92,건설,construction
92,93,건전지,batteries
93,94,건조,dry
94,95,건축,architecture
95,96,건축가,architect
96,97,걸레,rag
97,98,걸레질,mopping
98,99,걸음,steps
99,100,검다,black
100,101,검사,inspection
101,102,검색,search
102,103,검색어,search word
103,104,겁,fear
104,105,겉,"side, outside"
105,106,겉모습,appearance
106,107,게다가,"besides, in addition"
107,108,게시판,bulletin board
108,109,게으르다,to be lazy
109,110,게임기,game machine
110,111,겨우,"barely, finally"
111,112,격려,encouragement
112,113,겪다,"to experience, to go through"
113,114,견디다,to endure
114,115,결과적,being as a result
115,116,결국,after all
116,117,결론,conclusion
117,118,결말,end (of a story)
118,119,결석,absence
119,120,결승전,final game/round
120,121,결심,decision
121,122,결코,never
122,123,결혼기념일,wedding anniversary
123,124,결혼식장,wedding hall
124,125,겸손,humility
125,126,겹치다,overlap
126,127,경고,warning
127,128,경력,career
128,129,경비,security
129,130,경비원,security guard
130,131,경영,management
131,132,경영자,"executive, CEO"
132,133,경영학,business administration
133,134,경우,"case, circumstance"
134,135,경쟁,competition
135,136,경쟁력,competitiveness
136,137,경제,economy
137,138,경제력,economic power
138,139,경제적,being economic
139,140,경제학,economics
140,141,계산,"calculation, accounting"
141,142,계산대,cashier
142,143,계산서,"check, bill"
143,144,계약,contract
144,145,계약금,down payment
145,146,계약서,(written) contract
146,147,계좌,bank account
147,148,계층,hierarchy
148,149,계획성,planning
149,150,계획적,"being planned, as planned"
150,151,고개,"head, hill"
151,152,고객,"client, customer"
152,153,고구마,sweet potato
153,154,고궁,traditional Korean palace
154,155,고급,high grade
155,156,고래,whale
156,157,고마움,thankfulness
157,158,고무신,rubber shoes
158,159,고무줄,rubber band
159,160,고민,"worry, trouble"
160,161,고백,confession
161,162,고생,hardship
162,163,고소하다,to be nutty
163,164,고속,high speed
164,165,고속도로,highway
165,166,고아원,orphanage
166,167,고유하다,unique
167,168,고지서,notice
168,169,고집,persistence
169,170,고춧가루,pepper powder
170,171,고층,upper floors
171,172,고통,pain
172,173,곤란,difficulty
173,174,골고루,evenly
174,175,골목길,alley
175,176,골치가 아프다,to be annoying
176,177,곰,bear
177,178,곱슬머리,natural curly hair
178,179,곳곳,"here and there, everywhere"
179,180,공공요금,utility charges
180,181,공공장소,public place
181,182,공동,joint
182,183,공동생활,community life
183,184,공사,construction
184,185,공손하다,to be polite
185,186,공연장,performance hall
186,187,공장,factory
187,188,공주,princess
188,189,공통,common
189,190,공통점,common point
190,191,공포,fear
191,192,공해,pollution
192,193,과로,overwork
193,194,과목,(class) subject
194,195,과소비,waste (of use)
195,196,과속,speed violation
196,197,과식,overeating
197,198,과연,as expected
198,199,과외,tutor lesson
199,200,과음,excessive drinking
200,201,과장,manager
201,202,과장하다,to exaggerate
202,203,과정,process
203,204,과제,task
204,205,과학자,scientists
205,206,과학적,being scientific
206,207,관객,audience
207,208,관계없다,to be unrelated
208,209,관계자,the person concerned
209,210,관광,tourism
210,211,관광객,tourist
211,212,관광지,tourist attraction
212,213,관람,viewing
213,214,관람객,audience
214,215,관련,relation
215,216,관련성,relevance
216,217,관리,management
217,218,관리실,management room
218,219,관용어,idiom
219,220,관찰,observation
220,221,광장,"square, plaza"
221,222,괜히,for no reason
222,223,괴로움,"agony, distress"
223,224,괴로워하다,to be distressed
224,225,괴롭다,to be painful
225,226,괴롭히다,"to harass, to bully"
226,227,굉장하다,"to be great, to be wonderful"
227,228,굉장히,"extremely, to a great extent"
228,229,교사,teacher
229,230,교외,suburbs
230,231,교육,education
231,232,교육자,educator
232,233,교육학,pedagogy
233,234,교재,teaching materials
234,235,교통수단,transportation
235,236,교통편,transportation
236,237,교포,overseas resident
237,238,교환,exchange
238,239,구두쇠,a stingy person
239,240,구르다,to roll
240,241,구매,purchase
241,242,구멍,hole
242,243,구별,distinction
243,244,구분,classification
244,245,구성,composition
245,246,구이,grill
246,247,구인,a job offer
247,248,구입,purchase
248,249,구조,structure
249,250,구조대,rescue team
250,251,구체적,being specific
251,252,국가,nation
252,253,국그릇,soup bowl
253,254,국내선,domestic flights
254,255,국문학,(the country's) literature
255,256,국물,soup bowl
256,257,국민,citizens
257,258,국악,traditional Korean music
258,259,국외,overseas resident
259,260,국제결혼,international marriage
260,261,국제선,international flights
261,262,국화,chrysanthemum
262,263,군대,army
263,264,군데,place
264,265,굵다,to be thick
265,266,궁금증,curiosity
266,267,궁금하다,to be curious
267,268,권하다,"to recommend, to offer"
268,269,귀걸이,earrings
269,270,귀국,return (to home country)
270,271,귀신,ghost
271,272,귀중하다,to be valuable
272,273,귀찮다,"to be bothersome, to be tedious"
273,274,귀하다,"to be noble, to be rare, to be fine"
274,275,규칙적,being regular
275,276,그네,swing
276,277,그녀,girlfriend
277,278,그늘,shade
278,279,그대로,as it is
279,280,그래도,(but) still
280,281,그래야,so that
281,282,그래프,graph
282,283,그러니,therefore
283,284,그러다가,and then
284,285,그러므로,hence
285,286,그러자,and then
286,287,그러하다,"so, as such, like that"
287,288,그루,"(how to count trees), stump"
288,289,그룹,group
289,290,그리,"so, very, that"
290,291,그리워하다,"to miss, to be nostalgic"
291,292,그리하여,then
292,293,그림책,picture book
293,294,그립다,"to be nostalgic, to be missed"
294,295,그만두다,to quit
295,296,그만큼,that much
296,297,그저,just
297,298,근데,by the way
298,299,근로자,"worker, laborer"
299,300,근무,work
300,301,근육,muscle
301,302,글쎄,oh well
302,303,글쓴이,author
303,304,글씨,letter
304,305,글자,letter
305,306,긁다,to scratch
306,307,금,gold
307,308,금메달,gold medal
308,309,금액,amount of money
309,310,금지,ban
310,311,급히,suddenly
311,312,긍정적,"being positive, being affirmative"
312,313,기계,machine
313,314,기념,commemoration
314,315,기념관,memorial hall
315,316,기념일,anniversary
316,317,기념품,souvenir
317,318,기능,function
318,319,기다,to crawl
319,320,기대,expectation
320,321,기도,prayer
321,322,기둥,pillar
322,323,기록,record
323,324,기본,basic
324,325,기본적,"being fundamental, being basic"
325,326,기부,donation
326,327,기쁨,"joy, happiness"
327,328,기술,"skill, technique"
328,329,기술자,technician
329,330,기억,memory
330,331,기억나다,"to remember, to recall"
331,332,기억력,memory
332,333,기업,"company, corporation"
333,334,기업인,entrepreneur
334,335,기운,"energy, qi"
335,336,기울이다,to tilt
336,337,기준,"standard, criteria"
337,338,기차역,train station
338,339,기차표,train ticket
339,340,기초,"basic, fundamental"
340,341,기행문,"travelogue, travel essay"
341,342,기호,symbol
342,343,기혼,married
343,344,기회,"opportunity, change"
344,345,기후,climate
345,346,긴장감,nervousness
346,347,길가,roadside
347,348,길거리,street
348,349,길이,lenth
349,350,김장,a custom/event to make Kimchi in winter
350,351,깊다,to be deep
351,352,깊이,depth
352,353,까다,to peel
353,354,까다롭다,to have a high standard
354,355,깔다,to lay
355,356,깜빡,"forgetfully, with a blink"
356,357,깨끗이,clearly
357,358,깨닫다,to realize
358,359,깨뜨리다,to break
359,360,깨소금,sesame salt
360,361,깨우다,to wake someone up
361,362,깻잎,sesame leaf
362,363,꺼지다,"to go out, to be extinguished"
363,364,껍질,"peel, skin"
364,365,꼬리,tail
365,366,꼬박꼬박,"properly (without failure), faithfully"
366,367,꼭대기,"summit, top"
367,368,꼴찌,the last place
368,369,꼼꼼하다,to be meticulous
369,370,꼼꼼히,"thoroughly, meticulously"
370,371,꽃병,flower vase
371,372,꽤,quite
372,373,꾸미다,to decorate
373,374,꾸준히,steadily
374,375,꾸짖다,to scold
375,376,꿀,honey
376,377,꿀벌,honey bee
377,378,꿈꾸다,to dream
378,379,끈,string
379,380,끊다,to cut
380,381,끊어지다,to be cut
381,382,끊임없다,"to be incessant, to be unceasing"
382,383,끌다,to pull
383,384,끝내,"finally, eventually"
384,385,끼어들다,to interrupt
385,386,나날이,day by day
386,387,나들이,picnic
387,388,나름,depends on
388,389,나머지,"remainder, surplus"
389,390,나물,(Korean style) seasoned vegetables
390,391,나뭇잎,leaf
391,392,나서다,"to go forward, to get involved"
392,393,나아가다,to move on
393,394,나아지다,to improve
394,395,나타내다,"to display, to reveal"
395,396,낙서,doodle
396,397,낙엽,fallen leaves
397,398,난로,"stove, fireplace"
398,399,난방,heater
399,400,날개,wings
400,401,날다,to fly
401,402,날로,day by day
402,403,날리다,to blow away
403,404,날씬하다,skinny
404,405,날아가다,to fly away
405,406,날아다니다,to fly around
406,407,날아오다,to fly in
407,408,날아오르다,"to fly up, to soar"
408,409,낡다,to be old
409,410,남녀노소,men and women of all ages
410,411,남녀평등,gender equality
411,412,남다,"to remain, to be left"
412,413,남부,southern
413,414,남성,male
414,415,남성복,men's clothing
415,416,낫다,to heal
416,417,낭비,waste (of use)
417,418,낯설다,to be unfamiliar
418,419,낳다,to give birth
419,420,내내,always
420,421,내려다보다,to look down
421,422,내복,underwear
422,423,내부,"inside, internal"
423,424,내성적,being shy
424,425,내용물,content (of a container)
425,426,내쫓다,to kick out
426,427,냇가,"stream, lake"
427,428,냉방병,excessive air conditioning syndrome
428,429,너그럽다,to be generous
429,430,너무나,"too~, very"
430,431,넉넉하다,"to be enough, to be rich"
431,432,널다,"to dry, to expose to the air"
432,433,넓히다,to widen
433,434,넘기다,to hand over
434,435,넘어가다,to move on to
435,436,넘치다,to overflow
436,437,네모나다,to be squared
437,438,네트워크,network
438,439,년대,age
439,440,노동,labor
440,441,노동자,laborer
441,442,노력,effort
442,443,노선,"route, line"
443,444,노약자,elderly and physically handicapped
444,445,노인,elderly
445,446,노처녀,an unmarried and old woman
446,447,노총각,unmarried and old man
447,448,노트북,laptop
448,449,녹다,to be melt
449,450,녹음,voice recording
450,451,녹음기,voice recorder
451,452,논문,(academic) paper
452,453,놀랍다,"to be amazing, to be remarkable"
453,454,놀리다,to make fun of
454,455,놀이,"play, game"
455,456,놀이터,playground
456,457,놈,guy
457,458,농담,joke
458,459,농민,farmer
459,460,농부,farmer
460,461,농사,agriculture
461,462,농약,pesticides
462,463,농작물,crops
463,464,농촌,rural
464,465,높이,height
465,466,높이다,to increase
466,467,높임말,honorifics
467,468,놓이다,to be placed
468,469,놓치다,"to miss, to lose"
469,470,눈길,"glance, attention"
470,471,눈높이,eye-level
471,472,눈병,eye disease
472,473,눈보라,snowstorm
473,474,눈사태,avalanche
474,475,눈썹,eyebrow
475,476,눈치,"wits, sense"
476,477,눌러쓰다,to wear deeply
477,478,느긋하다,"to be lazy, to be laid back"
478,479,느끼하다,to be greasy
479,480,늘리다,to increase (the number or volume)
480,481,늘어나다,"to stretch, to increase"
481,482,늘어서다,to line up
482,483,늙다,to get old
483,484,늦추다,to delay
484,485,다가오다,"to approach, to come closer"
485,486,다녀가다,to visit
486,487,다람쥐,squirrel
487,488,다루다,to deal with
488,489,다림질,ironing
489,490,다수,many
490,491,다양하다,to be varied
491,492,다음날,next day
492,493,다정하다,"to be compassionate, to be kind"
493,494,다투다,"to argue, to fight"
494,495,다행,"fortune, luck"
495,496,다행히,fortunately
496,497,단계,"stage, step"
497,498,단골,regular (customer)
498,499,단기간,short term
499,500,단단하다,"to be solid, to be hard, to be strong"
500,501,단발머리,(women's) short hairstyle
501,502,단백질,protein
502,503,단속,"control, regulate (illegal action)"
503,504,단순하다,to be simple
504,505,단순히,simply
505,506,단위,unit
506,507,단정하다,"to be neat, to be organized"
507,508,단체,group
508,509,단풍,"autumn leaves, maple"
509,510,달라지다,to change
510,511,달려가다,to run (to go)
511,512,달려오다,to run (to come)
512,513,달리,"besides, differently"
513,514,달리기,running
514,515,달밤,moonlit night
515,516,달아나다,to escape
516,517,달콤하다,to be sweet
517,518,닭갈비,Korean style chicken dish
518,519,담,"wall, fence, hedge"
519,520,담기다,to be put in (a container)
520,521,담다,to put in (a container)
521,522,담당,being in charge
522,523,담당자,person in charge
523,524,담백하다,"to be pure, to be innocent"
524,525,담뱃불,tobacco fire
525,526,담임,homeroom teacher
526,527,답,answer
527,528,답글,reply
528,529,답답하다,"to be stuffy, to be suffocating"
529,530,답변,answer
530,531,당기다,to pull
531,532,당분간,for a while (from now on)
532,533,당연하다,"to be natural,to be justifiable,to be fair"
533,534,당연히,of course
534,535,당장,"immediately, for now"
535,536,당하다,to be done
536,537,당황하다,"to be embarrassed, to be bewildered"
537,538,대개,"mostly, usually"
538,539,대기업,large company
539,540,대다,to touch
540,541,대단하다,to be great
541,542,대단히,greatly
542,543,대도시,big city
543,544,대량,"mass, a large amount"
544,545,대리,substitute
545,546,대문,"door, gate"
546,547,대신,in substitute
547,548,대여,rental
548,549,대여료,rental charge
549,550,대접,hospitality
550,551,대중,public
551,552,대중교통,public transportation
552,553,대중목욕탕,public bath
553,554,대책,countermeasures
554,555,대청소,housecleaning
555,556,대체로,"usually, in general"
556,557,대출,"loan, lend"
557,558,대통령,president (of a country)
558,559,대표,representative
559,560,대표적,"being representative, being typical"
560,561,대형,large size
561,562,댄스,dance
562,563,더구나,"furthermore, moreover"
563,564,더러워지다,to get dirty
564,565,더욱,even more
565,566,더위,"heat, hotness"
566,567,더하다,"to add on, to get worse"
567,568,덕,thanks (to someone)
568,569,던지다,to throw
569,570,덜,"less, not yet"
570,571,덜다,to cut back
571,572,데다,to get burned
572,573,데려오다,to bring
573,574,데치다,to boil quickly
574,575,도구,tool
575,576,도난,theft
576,577,도대체,how on earth
577,578,도둑,thief
578,579,도망가다,"to escape, to run away"
579,580,도서,books
580,581,도시락,lunchbox
581,582,도장,"seal, stamp"
582,583,도전,challenge
583,584,도중,on the way
584,585,독,poison
585,586,독감,"influenza, flu"
586,587,독립,independence
587,588,독방,"room to oneself, solitary confinement"
588,589,독신자,"an unmarried, single person"
589,590,독특하다,to be unique
590,591,돌,"stone, rock"
591,592,돌다,"to spin, to get around"
592,593,돌려받다,to get returned
593,594,돌려보내다,to return
594,595,돌려주다,to return
595,596,돌리다,to turn
596,597,돌보다,to take care
597,598,돌솥,stone pot
598,599,돌아다니다,to walk around
599,600,돌아보다,to look back
600,601,돌아서다,to turn back
601,602,돌잔치,1st birthday
602,603,동굴,cave
603,604,동료,colleague
604,605,동물원,zoo
605,606,동부,eastern part
606,607,동서양,eastern and western
607,608,동시,simultaneous
608,609,동양화,oriental painting
609,610,동영상,video
610,611,동일하다,being the same
611,612,동작,"motion, action"
612,613,동창,alumni
613,614,동창회,alumni association
614,615,동해안,east coast
615,616,동호회,club
616,617,동화,fairy tale
617,618,동화책,children's book
618,619,되도록,as much as possible
619,620,되돌리다,to regain
620,621,되돌아보다,"to look back, to think back"
621,622,되살아나다,to revive
622,623,두려움,fear
623,624,두려워하다,to fear
624,625,두세,"two, three"
625,626,두통,headache
626,627,두통약,headache pill/medicine
627,628,둔하다,to be dull
628,629,둘러보다,to look around
629,630,둥글다,to be round
630,631,뒤떨어지다,"to be inferior, to be behind"
631,632,뒤집다,to flip
632,633,뒤풀이,after-party
633,634,뒷모습,the back view
634,635,뒷문,back gate
635,636,뒷이야기,behind story
636,637,뒷자리,back seat
637,638,드디어,finally
638,639,드라이,dry
639,640,드림,dream
640,641,드물다,to be rare
641,642,든든하다,"to be reassuring, to be reliable"
642,643,들려주다,to tell (someone)
643,644,들르다,to stop by
644,645,들리다,to be heard
645,646,들어보다,to try hearing
646,647,들어주다,to listen (to someone)
647,648,들이다,"to spend (time, money)"
648,649,등록,register
649,650,등록금,"registration fee, tuition fee"
650,651,등록증,registration card
651,652,등불,"lights, lamp"
652,653,디스크,"disc, hernia"
653,654,디자이너,designer
654,655,디지털,digital
655,656,따다,"to pluck, to pick, to get"
656,657,따라다니다,to follow (after someone)
657,658,따라서,"therefore, hence"
658,659,따로따로,separately
659,660,따지다,to question closely
660,661,딱,"perfectly, just"
661,662,딱딱하다,"to be hard, to be stiff"
662,663,딴,"another, other"
663,664,땅,"land, ground"
664,665,땅콩,peanuts
665,666,때때로,sometimes
666,667,때로,now and then
667,668,떠오르다,to float
668,669,떨다,"to shiver, to shake"
669,670,떨리다,"to tremble, to be shaken"
670,671,떨어뜨리다,to drop
671,672,떼다,"to detach, to take away"
672,673,또박또박,"word by word, letter by letter"
673,674,또한,also
674,675,똑같이,"similarly, in the same manner"
675,676,똑똑하다,"to be clever, to be smart"
676,677,뚜렷하다,to be clear
677,678,뚫다,to make a hole
678,679,뚱뚱하다,to be fat
679,680,뛰어가다,to run
680,681,뛰어나다,to be superior
681,682,뛰어내리다,to jump off
682,683,뛰어넘다,to jump over
683,684,뛰어다니다,"to jump around, to run around"
684,685,뛰어오다,to run (to come)
685,686,뛰쳐나가다,"to rush out, to leap out"
686,687,뜨거워지다,to become hot
687,688,뜻밖에,unexpectedly
688,689,띠,zodiac
689,690,램프,lamp
690,691,레몬,lemon
691,692,레포츠,leisure sports
692,693,렌즈,lens
693,694,렌터카,car rental
694,695,로또,lottery
695,696,로봇,robot
696,697,로비,lobby
697,698,룸메이트,roommate
698,699,리듬,rhythm
699,700,리모컨,remote controller
700,701,마감일,"deadline, due date"
701,702,마네킹,mannequin
702,703,마당,garden
703,704,마디,section
704,705,마라톤,marathon
705,706,마련하다,"to provide, to prepare"
706,707,마루,indoor floor
707,708,마무리,conclusion
708,709,마술,magic
709,710,마스크,mask
710,711,마약,drug
711,712,마을,village
712,713,마음껏,as much as one wants
713,714,마음대로,as one wishes
714,715,마음먹다,to make up one's mind
715,716,마음씨,mindfulness
716,717,마주보다,to come face to face
717,718,마주치다,to meet (coincidentally)
718,719,마중,pick up
719,720,마찬가지,"being the same, in the same manner"
720,721,마치,"as if, just like"
721,722,마침,just happened to be
722,723,마침내,finally
723,724,마케팅,marketing
724,725,마트,supermarket
725,726,막,"insanely, do something without any order"
726,727,막내,the youngest
727,728,막다,to block
728,729,막대기,"rod, stick"
729,730,막차,last train
730,731,만남,"encounter, meeting"
731,732,만년필,fountain pen
732,733,만약,by any chance
733,734,만족,satisfaction
734,735,만족감,satisfaction (feeling)
735,736,만화책,cartoon book
736,737,맏딸,eldest daughter
737,738,맏아들,eldest son
738,739,말다툼,quarrel
739,740,말리다,to stop (conflict)
740,741,말투,the way one speaks
741,742,맛보다,to taste
742,743,망가뜨리다,"to break, to ruin"
743,744,망가지다,"to be broken, to be ruined"
744,745,망설이다,to hesitate
745,746,망하다,"to perish, to breakdown"
746,747,맞벌이,dual-income family
747,748,맞이,greeting
748,749,맞추다,to assemble
749,750,맡기다,to entrust
750,751,맡다,"to take over, to undertake"
751,752,매년,"annually, every year"
752,753,매달,"monthly, every month"
753,754,매력,attraction
754,755,매력적,being attractive
755,756,매연,soot
756,757,매운탕,spicy fish soup
757,758,매점,shop
758,759,매진,sold out
759,760,매체,medium
760,761,매콤하다,to be sweet and spicy
761,762,매표소,ticket office
762,763,맨발,barefoot
763,764,맨손,bare hands
764,765,맹인,blind person
765,766,맺다,to tie
766,767,머리카락,hair
767,768,머무르다,to stay
768,769,머지않다,to be not distant
769,770,먹을거리,food
770,771,먹이,(animal) feed
771,772,먹이다,to feed
772,773,먼지,dust
773,774,멀리,far away
774,775,멀티미디어실,multimedia room
775,776,멈추다,to stop
776,777,멋지다,"to be fantastic, to be amazing"
777,778,멍,bruise
778,779,메일,e-mail
779,780,멜로디,melody
780,781,멜론,melon
781,782,며느리,daughter-in-law
782,783,면,"side, noodles"
783,784,면세점,duty-free shop
784,785,면접,interview
785,786,면접관,interviewer
786,787,면접시험,interview test
787,788,면허증,license
788,789,명랑,"cheerfulness, brightness"
789,790,명랑하다,"to be cheerful, to be bright"
790,791,명사,noun
791,792,명소,famous place
792,793,명품,"masterpiece, designer goods"
793,794,몇몇,"some, few"
794,795,모국어,native language
795,796,모기,mosquito
796,797,모델,model
797,798,모래,sand
798,799,모범생,model student
799,800,모습,appearance
800,801,모음,vowel
801,802,모자라다,to be insufficient
802,803,모집,recruitment
803,804,모험심,adventurous mind
804,805,모형,"model, figure"
805,806,목마르다,to be thirsty
806,807,목사,pastor
807,808,목숨,life
808,809,목욕탕,public bath
809,810,목적지,destination
810,811,목표,"target, goal"
811,812,몰라보다,"to be unaware of, to not realize"
812,813,몰래,secretly
813,814,몰려들다,to gather
814,815,몰리다,to get crowded
815,816,몸무게,bodyweight
816,817,몸짓,gesture
817,818,몹시,"very, terribly"
818,819,못생기다,to be ugly
819,820,무게,weight
820,821,무관심,indifference
821,822,무너지다,"to collapse, to be pulled down"
822,823,무늬,pattern
823,824,무대,(performance) stage
824,825,무더위,extreme heat (in summer)
825,826,무덤,tomb
826,827,무덥다,to be hot and humid
827,828,무렵,around (the time)
828,829,무사히,safely
829,830,무서워하다,to be scared
830,831,무선,wireless
831,832,무소식,no news
832,833,무시,"disregard, neglect"
833,834,무인,"unmanned, no person"
834,835,무조건,absolutely
835,836,무지개,rainbow
836,837,무통장 입금,"electronic transfer, ATM deposit"
837,838,묵다,to stay (at a hotel)
838,839,묶다,"to bundle, to tie"
839,840,문구,stationery
840,841,문명,civilization
841,842,문법,grammar
842,843,문병,a visit to a sick person
843,844,문서,documents
844,845,문의,inquiry
845,846,문자,"SMS, short messages, letters"
846,847,문제점,problem
847,848,문학,literature
848,849,문화생활,cultural life
849,850,문화유산,cultural heritage
850,851,문화적,being cultural
851,852,묻히다,"to put on, to get buried"
852,853,물가,price
853,854,물고기,fish
854,855,물냉면,Korean cold noodle
855,856,물다,to bite
856,857,물러서다,"to step back, to withdraw"
857,858,물려주다,"to pass on, to leave"
858,859,물리다,"to be stung, to get bitten"
859,860,물방울,water drop
860,861,물약,liquid medicine
861,862,물음,question
862,863,물질,quality
863,864,물품,"product, goods"
864,865,뮤지컬,musical
865,866,미끄러지다,to slide
866,867,미끄럽다,to be slippery
867,868,미루다,"to procrastinate, to extend"
868,869,미소,smile
869,870,미역,seaweed
870,871,미역국,seaweed soup
871,872,미용사,barber
872,873,미인,beautiful woman
873,874,미치다,"to go mad, to be crazy"
874,875,미팅,blind date
875,876,미혼,"an unmarried, single person"
876,877,민박,"lodge, a local hotel"
877,878,민속,folklore
878,879,민속놀이,folk play
879,880,민요,folk song
880,881,민족,ethnic group
881,882,믿다,to believe in
882,883,믿음,"trust, faith"
883,884,믿음직스럽다,to be reliable
884,885,믿음직하다,to be trustworthy
885,886,밀다,to push
886,887,밀려오다,"to rush in, to be pushed into"
887,888,밀리미터,millimeter
888,889,밉다,"to hate, to be annoying"
889,890,및,and
890,891,밑줄,underline
891,892,바가지,gourd
892,893,바구니,basket
893,894,바깥,"outside, outdoor"
894,895,바느질,needlework
895,896,바늘,needle
896,897,바닥,"bottom, floor"
897,898,바닥나다,to run out
898,899,바닷물,seawater
899,900,바둑,game of go
900,901,바라보다,to look at
901,902,바보,"idiot, stupid"
902,903,바위,"rock, stone"
903,904,바이러스,virus
904,905,바퀴,wheels
905,906,바탕,"background, foundation"
906,907,박사,"doctoral degree, Ph.D."
907,908,박스,box
908,909,반가워하다,"to be pleased, to be glad"
909,910,반납,return
910,911,반납일,return date
911,912,반대,opposite
912,913,반대말,opposite word
913,914,반대쪽,opposite side
914,915,반드시,"without fail, certainly"
915,916,반말,casual talk
916,917,반복,repeat
917,918,반성,"introspection, self-contemplation"
918,919,반응,reaction
919,920,반짝반짝,"shiny, sparkly"
920,921,반짝이다,"to shine, to glitter"
921,922,반품,refund
922,923,반하다,to fall in love
923,924,받아들이다,to accept
924,925,발걸음,footsteps
925,926,발견,discovery
926,927,발급,issuance
927,928,발달,development
928,929,발레,ballet
929,930,발명,invention
930,931,발목,ankle
931,932,발생,occurrence
932,933,발자국,footprints
933,934,발표자,presenter
934,935,발표회,presentation
935,936,밝히다,"to reveal, to disclose"
936,937,밟다,to step on
937,938,밤새,"all night, during the night"
938,939,밤새우다,to stay up all night
939,940,밥그릇,rice bowl
940,941,밥맛,"appetite, the taste of rice"
941,942,밥상,table for having a meal
942,943,방금,just now
943,944,방문,visit
944,945,방송사,broadcasting company
945,946,방식,"method, style"
946,947,방청객,audience
947,948,방해,"interference, interruption"
948,949,방향,direction
949,950,밭,(farm) field
950,951,배경,background
951,952,배꼽,belly button
952,953,배낭,backpack
953,954,배낭여행,backpack trip
954,955,배려,consideration
955,956,배우자,spouse
956,957,배추,cabbage
957,958,배터리,battery
958,959,뱀,snake
959,960,뱉다,to spit out
960,961,버릇,"habit, manner"
961,962,버릇없다,to have bad manners
962,963,버섯,mushroom
963,964,버튼,button
964,965,번역,translation
965,966,번호표,number ticket
966,967,벌금,fine
967,968,벌리다,"to open, to spread"
968,969,벌집,honeycomb
969,970,범위,range
970,971,범인,"criminal, offender"
971,972,범죄,crime
972,973,법,law
973,974,법원,court of law
974,975,벗기다,to take off (clothes)
975,976,벗어나다,to get out
976,977,베개,pillow
977,978,벨,bell
978,979,벨트,belt
979,980,벼,rice plant
980,981,벼락,thunder
981,982,벼룩시장,flea market
982,983,벽걸이,wall-hanging
983,984,벽돌,brick
984,985,변경,"change, alter"
985,986,변기,toilet bowl
986,987,변명,excuse
987,988,변비,constipation
988,989,변하다,to change
989,990,변화,change
990,991,별명,nickname
991,992,별일,"something else, something that has changed"
992,993,병문안,a visit to a sick person
993,994,보고,report
994,995,보고서,(written) report
995,996,보고회,reporting/briefing session
996,997,보관,storage
997,998,보관실,storage room
998,999,보기,"example, sample"
999,1000,보너스,bonus
1000,1001,보람,the feeling of reward
1001,1002,보름,the fifteenth day of the calendar
1002,1003,보름달,full moon
1003,1004,보물,treasure
1004,1005,보살피다,to take care of
1005,1006,보약,"supplement, acupuncture medicine"
1006,1007,보증금,deposit
1007,1008,보충,replenishment
1008,1009,보험,insurance
1009,1010,보험금,insurance money
1010,1011,보험료,insurance fee
1011,1012,보호,protection
1012,1013,복,fortune
1013,1014,복권,lottery
1014,1015,복날,the day of the year to eat nourishing food
1015,1016,복도,"corridor, hallway"
1016,1017,복사,copy
1017,1018,복사기,copy machine
1018,1019,복습,review
1019,1020,복통,stomach ache
1020,1021,본론,main discussion topic
1021,1022,본문,the original literature
1022,1023,볼거리,highlights/fun things to see
1023,1024,볼륨,volume
1024,1025,볼링,bowling
1025,1026,볼링장,bowling gym
1026,1027,볼일,errand
1027,1028,봉사,volunteer
1028,1029,봉사자,volunteer person
1029,1030,부끄러워하다,to be ashamed of
1030,1031,부끄럽다,"to be shy, to be ashamed"
1031,1032,부담,"burden, pressure"
1032,1033,부딪치다,to collide
1033,1034,부딪히다,to get collided
1034,1035,부러워하다,to feel jealous
1035,1036,부러지다,to get broken
1036,1037,부럽다,to be envious of
1037,1038,부분,part
1038,1039,부사,advert
1039,1040,부상,injury
1040,1041,부상자,injured person
1041,1042,부서,department
1042,1043,부서지다,to be shattered
1043,1044,부자,rich person
1044,1045,부작용,side effects
1045,1046,부잣집,rich family
1046,1047,부정적,being negative
1047,1048,부족,"being not enough, lacking"
1048,1049,부주의,carelessness
1049,1050,부지런히,"eagerly, diligently"
1050,1051,부채,fan
1051,1052,부케,bouquet
1052,1053,부피,"size, volume"
1053,1054,분량,quantity
1054,1055,분리,separation
1055,1056,분리수거,garbage recycling
1056,1057,분명하다,"to be distinct, to be clear"
1057,1058,분명히,"clearly, explicitly"
1058,1059,분실,loss
1059,1060,분실물,lost and found
1060,1061,분홍색,pink color
1061,1062,불가능,impossibility
1062,1063,불가능하다,to be impossible
1063,1064,불경기,economic depression
1064,1065,불교,buddhism
1065,1066,불규칙,irregularity
1066,1067,불꽃놀이,firework
1067,1068,불량,"defective product, misconduct"
1068,1069,불만,dissatisfaction
1069,1070,불면증,insomnia
1070,1071,불법,illegal
1071,1072,불빛,"flame, light"
1072,1073,불쌍하다,to be pathetic
1073,1074,불안,anxiety
1074,1075,불안감,an anxious feeling
1075,1076,불어나다,"to increase, to become bigger"
1076,1077,불친절,to be unkind
1077,1078,불태우다,to burn
1078,1079,불편,inconvenience
1079,1080,불평,complaints
1080,1081,불필요,unnecessary
1081,1082,불행,misfortune
1082,1083,붉다,to be red
1083,1084,붐비다,to be crowded
1084,1085,붕어빵,baked bread with red beans inside (street food)
1085,1086,붙잡다,to catch
1086,1087,붙잡히다,to get caught
1087,1088,뷔페,buffet
1088,1089,브랜드,brand
1089,1090,브레이크,brake
1090,1091,블라인드,blind
1091,1092,블로그,blog
1092,1093,비교,comparison
1093,1094,비교적,being comparative
1094,1095,비닐,vinyl
1095,1096,비다,"to be vacant, to be empty"
1096,1097,비디오카메라,video camera
1097,1098,비록,even if
1098,1099,비만,obesity
1099,1100,비바람,"rain and wind, typhoon"
1100,1101,비비다,"to mix, to rub"
1101,1102,비빔냉면,Korean style cold noodles with spicy sauce
1102,1103,비상약,emergency medicine
1103,1104,비용,cost
1104,1105,비우다,to make something empty
1105,1106,비자,visa
1106,1107,비추다,to illuminate
1107,1108,비타민,vitamin
1108,1109,비하다,to compare
1109,1110,빗길,rainy road
1110,1111,빚,debt
1111,1112,빛,light
1112,1113,빠뜨리다,to drop
1113,1114,빠지다,"to fall in love, to sink down"
1114,1115,빠짐없이,all without exception
1115,1116,빨개지다,to get red
1116,1117,빼앗기다,to be taken away
1117,1118,빼앗다,to take away
1118,1119,뺨,cheek
1119,1120,뻔하다,"to be obvious, to be clear"
1120,1121,뻗다,to extend
1121,1122,뽑다,"to pull out, to choose"
1122,1123,뿌리,root
1123,1124,뿌리다,"to spray, to spread"
1124,1125,사건,incident
1125,1126,사고방식,way of thinking
1126,1127,사교적,being sociable
1127,1128,사귀다,to date
1128,1129,사라지다,to disappear
1129,1130,사로잡다,to capture
1130,1131,사막,desert
1131,1132,사망,death
1132,1133,사망자,"the dead, casualty, victim"
1133,1134,사모님,wife (of a boss)
1134,1135,사무소,office
1135,1136,사생활,privacy
1136,1137,사슴,deer
1137,1138,사실,fact
1138,1139,사업,business
1139,1140,사용료,usage fee
1140,1141,사용법,how to use
1141,1142,사우나,sauna
1142,1143,사은품,"appreciation gift, gift"
1143,1144,사이버,cyber
1144,1145,사이좋다,to be in a good relationship
1145,1146,사이트,website
1146,1147,사정,"circumstances, situation"
1147,1148,사진관,photo studio
1148,1149,사진첩,photo album
1149,1150,사춘기,puberty
1150,1151,사투리,dialect
1151,1152,사표,resignation
1152,1153,사회,society
1153,1154,사회생활,social life
1154,1155,사회자,"moderator, chairperson"
1155,1156,사회적,being social
1156,1157,산꼭대기,mountain summit
1157,1158,산더미,pile
1158,1159,산부인과,obstetrics and gynecology
1159,1160,산불,forest fire
1160,1161,산업,industry
1161,1162,산책로,walking path
1162,1163,살리다,"to keep someone alive, to bring someone to life"
1163,1164,살림,living
1164,1165,살아가다,to live
1165,1166,살아나다,to be saved
1166,1167,살아남다,to survive
1167,1168,살아오다,to come alive
1168,1169,살인,murder
1169,1170,살짝,"slightly, quietly"
1170,1171,살찌다,to get fat
1171,1172,살펴보다,"to explore, to observe"
1172,1173,살피다,"to explore, to observe"
1173,1174,삶,life
1174,1175,삶다,to boil
1175,1176,삼겹살,grilled pork belly
1176,1177,삼일절,Korean independence movement day
1177,1178,삼키다,to swallow
1178,1179,상,"prize, reward"
1179,1180,상가,"shopping street, shopping district"
1180,1181,상관없다,to have no relation
1181,1182,상관없이,regardless
1182,1183,상금,"prize money, reward"
1183,1184,상담,"consultation, counseling"
1184,1185,상담실,counseling room
1185,1186,상담원,counselor
1186,1187,상담자,consultant
1187,1188,상당히,"fairly, pretty"
1188,1189,상대,opponent
1189,1190,상대방,opponent
1190,1191,상대편,the other person
1191,1192,상상,imagination
1192,1193,상상력,imagination
1193,1194,상승,"rise, increase"
1194,1195,상식,"common knowledge, common sense"
1195,1196,상업,commerce
1196,1197,상업적,being commercial
1197,1198,상인,merchant
1198,1199,상점,store
1199,1200,상징,symbol
1200,1201,상쾌하다,to feel cool and fresh
1201,1202,상태,status
1202,1203,상표,label
1203,1204,상품권,gift certificate
1204,1205,상하다,"to get rotten, to get damaged"
1205,1206,상황,"situation, status"
1206,1207,새다,to dawn
1207,1208,새롭다,to be new
1208,1209,새어머니,stepmother
1209,1210,새우다,to stay overnight
1210,1211,새치기,cutting line/que
1211,1212,새해,new year
1212,1213,색다르다,"to be eccentric, to be unique, to be new"
1213,1214,색상,color
1214,1215,생각나다,"to remember, to recall"
1215,1216,생강차,ginger tea
1216,1217,생겨나다,"to emerge, to occur"
1217,1218,생김새,appearance
1218,1219,생략,"omission, deletion"
1219,1220,생머리,straight hair
1220,1221,생명,life
1221,1222,생산,production
1222,1223,생생하다,to be fresh
1223,1224,생중계,live broadcast
1224,1225,생필품,daily necessities
1225,1226,생활비,"cost of living, living stipend"
1226,1227,생활수준,quality of living
1227,1228,서너,three or four
1228,1229,서두르다,"to hurry, to rush"
1229,1230,서랍,drawer
1230,1231,서론,introduction
1231,1232,서명,signature
1232,1233,서부,western
1233,1234,서빙,serving
1234,1235,서서히,gradually
1235,1236,서운하다,"to be sorry, to be remorseful"
1236,1237,서투르다,"to be clumsy, to be unskilled"
1237,1238,석사,master's degree
1238,1239,석식,dinner
1239,1240,석유,"oil, petroleum"
1240,1241,석탄,coal
1241,1242,섞다,"to mix, to rub"
1242,1243,선,line
1243,1244,선글라스,sunglasses
1244,1245,선선하다,"to be cool, to be chilly"
1245,1246,선진국,developed country
1246,1247,선착순,order of arrival
1247,1248,설,theory
1248,1249,설득,persuasion
1249,1250,설마,no way
1250,1251,설명서,manual
1251,1252,설문조사,questionnaire
1252,1253,설문지,questionnaire
1253,1254,설사,"even if, for example, diarrhea"
1254,1255,섭섭하다,"to be sorry, to be regrettable"
1255,1256,성공,success
1256,1257,성능,"performance, function"
1257,1258,성당,catholic church
1258,1259,성명,"statement, signature"
1259,1260,성별,gender
1260,1261,성실,diligent
1261,1262,성인,adult
1262,1263,성인병,"adult diseases, lifestyle diseases"
1263,1264,성적,grades
1264,1265,성적표,grade report card
1265,1266,성형,plastic surgery
1266,1267,세계적,"being global, being worldwide"
1267,1268,세금,tax
1268,1269,세기,century
1269,1270,세다,to count
1270,1271,세대,generation
1271,1272,세련,sophistication
1272,1273,세면대,"washbasin, sink"
1273,1274,세면도구,"toiletries, washing accessories"
1274,1275,세미나,seminar
1275,1276,세배,"triple, 3 times"
1276,1277,세뱃돈,new year's money
1277,1278,세상,world
1278,1279,세월,years
1279,1280,세제,detergent
1280,1281,세탁물,laundry
1281,1282,셔츠,shirt
1282,1283,셔틀버스,shuttle bus
1283,1284,소감,"thoughts, feelings"
1284,1285,소개팅,blind date
1285,1286,소규모,small scale
1286,1287,소극장,small theater
1287,1288,소극적,being passive
1288,1289,소나기,(sudden) shower/rain
1289,1290,소년,young boy
1290,1291,소득,income
1291,1292,소망,hope
1292,1293,소매,sleeve
1293,1294,소매치기,pickpocketing
1294,1295,소문,"rumors, reputation"
1295,1296,소방관,firefighter
1296,1297,소방서,fire department
1297,1298,소방차,firetruck
1298,1299,소비,consumption
1299,1300,소비자,consumer
1300,1301,소설책,novel
1301,1302,소수,"minority, a small number"
1302,1303,소스,sauce
1303,1304,소심하다,"to be timid, to be cowardly"
1304,1305,소용,way of use
1305,1306,소용없다,useless
1306,1307,소원,wish
1307,1308,소음,noise
1308,1309,소주,"soju, a Korean liquor"
1309,1310,소중하다,to be important
1310,1311,소중히,"valuably, carefully"
1311,1312,소화,digestion
1312,1313,속다,to be tricked
1313,1314,속담,proverb
1314,1315,속도,speed
1315,1316,속도위반,speed violation
1316,1317,속력,speed
1317,1318,속상하다,"to be annoying, to be regretful, to be sad"
1318,1319,속옷,underwear
1319,1320,속이다,to deceive
1320,1321,손바닥,palm
1321,1322,손발,hands and legs
1322,1323,손쉽다,to be easy
1323,1324,손자,grandson
1324,1325,손잡이,"handle, rail"
1325,1326,손질,"trimming, repair"
1326,1327,솔직하다,to be honest
1327,1328,솔직히,"honestly, frankly"
1328,1329,솜씨,"skill, tricks"
1329,1330,송금,money transfer
1330,1331,쇠,iron
1331,1332,쇠고기,beef
1332,1333,쇼,show
1333,1334,쇼핑몰,shopping mall
1334,1335,쇼핑백,shopping bag
1335,1336,쇼핑센터,shopping center
1336,1337,수거,"pickup, collection"
1337,1338,수고,"hardship, hard work"
1338,1339,수단,"means, method"
1339,1340,수도꼭지,water faucet
1340,1341,수량,"quantity, amount"
1341,1342,수료식,completion ceremony
1342,1343,수리,repair
1343,1344,수리비,repair cost
1344,1345,수면,sleep
1345,1346,수면제,sleeping pills
1346,1347,수명,lifespan
1347,1348,수산물,seafood
1348,1349,수상,prime minister
1349,1350,수선,repair (clothes)
1350,1351,수선하다,to repair (clothes)
1351,1352,수수료,"commission, fee, charge"
1352,1353,수입,"import, income"
1353,1354,수정,"revision, crystal"
1354,1355,수준,level
1355,1356,수집,collection
1356,1357,수출,export
1357,1358,수표,(money) check
1358,1359,수학여행,school excursion
1359,1360,숙녀복,women's clothing
1360,1361,숙박,"lodging, accomodating"
1361,1362,숙박비,accommodation fee
1362,1363,숙소,accommodation
1363,1364,숙이다,"to get low, to bend low"
1364,1365,순간,moment
1365,1366,순두부찌개,Sundubu soup
1366,1367,술자리,drinking party
1367,1368,술잔,"glasses, cup"
1368,1369,술집,bar
1369,1370,숨기다,to hide (something)
1370,1371,숨다,to hide
1371,1372,숫자,numbers
1372,1373,숲,forest
1373,1374,스님,buddhist monk
1374,1375,스스로,by oneself
1375,1376,스캐너,scanner
1376,1377,스타일,style
1377,1378,스티커,stickers
1378,1379,스프,soup
1379,1380,스피커,speaker
1380,1381,슬리퍼,slipper
1381,1382,슬픔,"sorrow, sadness"
1382,1383,습기,moisture
1383,1384,습도,humidity
1384,1385,승강기,elevator
1385,1386,승객,passenger
1386,1387,승리,victory
1387,1388,승용차,passenger car
1388,1389,승진,promotion
1389,1390,승차,"riding, boarding"
1390,1391,시각,visual sense
1391,1392,시대,"era, generation"
1392,1393,시도,"attempt, trial"
1393,1394,시력,sight
1394,1395,시리다,"to feel a chill, to be painfully cold"
1395,1396,시부모님,parent-in-law
1396,1397,시스템,system
1397,1398,시아버지,father-in-law
1398,1399,시어머니,mother-in-law
1399,1400,시외버스,intercity bus
1400,1401,시인,poet
1401,1402,시집,"poetry collection, marriage (for women)"
1402,1403,시집가다,to get married (for women)
1403,1404,시청각실,multimedia room
1404,1405,시청자,"audience, viewer"
1405,1406,시합,"competition, match"
1406,1407,시험공부,studying for an exam
1407,1408,식,"formula, method"
1408,1409,식구,familly
1409,1410,식료품,grocery
1410,1411,식물,plant
1411,1412,식물원,botanical garden
1412,1413,식비,food expenses
1413,1414,식생활,diet
1414,1415,식습관,eating habits
1415,1416,식욕,appetite
1416,1417,식용유,cooking oil
1417,1418,식초,vinegar
1418,1419,식품,food
1419,1420,식후,after a meal
1420,1421,신고,report
1421,1422,신기다,to make someone wear (shoe)
1422,1423,신기술,new technology
1423,1424,신기하다,"to be mysterious, to be amazing, to be marvelous"
1424,1425,신나다,"to be excited, to have fun"
1425,1426,신도시,new city
1426,1427,신랑,groom
1427,1428,신랑감,groom candidate
1428,1429,신문사,newspaper company
1429,1430,신문지,newspaper
1430,1431,신부,"bride, father (christianity)"
1431,1432,신분증,identification document
1432,1433,신상품,new item
1433,1434,신선하다,to be fresh
1434,1435,신세대,new generation
1435,1436,신용,"credit, trust"
1436,1437,신입생,freshmen
1437,1438,신제품,new product
1438,1439,신청자,applicant
1439,1440,신체,body
1440,1441,신형,new model
1441,1442,신호,signal
1442,1443,신혼,newly married
1443,1444,신혼부부,"newlyweds, newly-married couple"
1444,1445,신혼여행,honeymoon
1445,1446,싣다,"to put on, to pile on"
1446,1447,실,"yarn, thread"
1447,1448,실내,indoor
1448,1449,실력,ability
1449,1450,실망,disappointment
1450,1451,실시,implementation
1451,1452,실용적,being practical
1452,1453,실은,"in fact, actually"
1453,1454,실제,"in fact, actually"
1454,1455,실제로,"in fact, actually"
1455,1456,실종,"disappearance, missing"
1456,1457,실종자,missing person
1457,1458,실천,"(put into) practice, action"
1458,1459,실컷,as much as one wants
1459,1460,실크,silk
1460,1461,실패,failure
1461,1462,실험,experiment
1462,1463,실험실,laboratory
1463,1464,싫증,"to get sick of, to get tired of"
1464,1465,심각하다,to be serious
1465,1466,심다,to plant
1466,1467,심리학,psychology
1467,1468,심리학자,psychologist
1468,1469,심부름,errand
1469,1470,심심하다,to be bored
1470,1471,심장,heart
1471,1472,심장병,heart disease
1472,1473,싱싱하다,"to be fresh, to be lively"
1473,1474,싱크대,sink
1474,1475,싸구려,cheap thing
1475,1476,싸움,fight
1476,1477,쌀쌀하다,to be chilly
1477,1478,쌍둥이,twins
1478,1479,쌓다,"to stack, to build"
1479,1480,쏘다,to shoot
1480,1481,쏟다,to spill
1481,1482,쏟아지다,"to spill, to pour, to fall heavily"
1482,1483,쑥스럽다,to be shy
1483,1484,쓰러지다,"to fall, to collapse"
1484,1485,쓰레기통,trash can
1485,1486,쓸데없다,"to be needless, to be useless"
1486,1487,쓸데없이,"uselessly, unreasonably"
1487,1488,쓸쓸하다,to be lonely
1488,1489,씌우다,to cover
1489,1490,씨름,"Sireum, Korean Sumo"
1490,1491,씩씩하다,"to be reliable, to be strong"
1491,1492,아깝다,"to be regrettable, to be precious"
1492,1493,아끼다,"to save, to be frugal"
1493,1494,아나운서,announcer
1494,1495,아니,no
1495,1496,아동,child
1496,1497,아랫사람,"one's junior, one's subordinate"
1497,1498,아르바이트,part-time job
1498,1499,아리랑,Arirang (Korean traditional song)
1499,1500,아무것,"any, what"
1500,1501,아무래도,"anyhow, whatever"
1501,1502,아무런,"any sort of, in any way"
1502,1503,아무리,no matter how
1503,1504,아무튼,anyway
1504,1505,아쉬움,"frustration, regret"
1505,1506,아쉽다,"to be unsatisfied, to be sorry"
1506,1507,아이디,"username, ID"
1507,1508,아이디어,idea
1508,1509,아침저녁,morning and evening
1509,1510,아픔,pain
1510,1511,악몽,nightmare
1511,1512,악수,handshake
1512,1513,안개,fog
1513,1514,안과,ophthalmology
1514,1515,안내문,"announcement, notice"
1515,1516,안내서,"guidebook, handbook"
1516,1517,안내소,information office
1517,1518,안되다,"to fail, to not go well"
1518,1519,안방,master's bedroom
1519,1520,안부,"news, regards"
1520,1521,안색,complexion
1521,1522,안심,relief
1522,1523,안약,eye drop
1523,1524,안전선,safety line
1524,1525,안주,snack (served with alcoholic beverages)
1525,1526,안쪽,inside
1526,1527,안타깝다,to feel sorry
1527,1528,앉히다,to let/make someone sit down
1528,1529,알,"egg, ball"
1529,1530,알레르기,allergy
1530,1531,알아듣다,to understand
1531,1532,알아보다,to recognize
1532,1533,알아주다,"to admit, to accept"
1533,1534,알약,tablet medicine
1534,1535,알코올,alcohol
1535,1536,암,cancer
1536,1537,앞날,future
1537,1538,앞두다,to have something ahead
1538,1539,앞뒤,before and after
1539,1540,앞머리,(hair) bangs
1540,1541,애기,baby
1541,1542,애완견,pet dog
1542,1543,애완동물,pets
1543,1544,애인,lover
1544,1545,애정,"love, affection"
1545,1546,애프터서비스,after-sales service
1546,1547,액자,picture frame
1547,1548,앨범,album
1548,1549,야간,"nighttime, during night"
1549,1550,야경,night view
1550,1551,야근,overwork
1551,1552,야단맞다,to be scolded
1552,1553,야단치다,to scold
1553,1554,야외,outdoors
1554,1555,야유회,picnic
1555,1556,약하다,to be weak
1556,1557,약혼,engagement
1557,1558,약혼자,fiance
1558,1559,얌전하다,"to be calm, to be gentle"
1559,1560,양념,"condiments, seasoning, spice"
1560,1561,양로원,nursing home
1561,1562,양반,"Yangban, nobility"
1562,1563,양보,"yielding, concession"
1563,1564,양쪽,both
1564,1565,얘,this person
1565,1566,어기다,to violate
1566,1567,어느새,"already, so soon"
1567,1568,어떠하다,to be such a one's thoughts
1568,1569,어떡하다,to be such a one's thoughts
1569,1570,어려움,"difficulty, hardship"
1570,1571,어린아이,children
1571,1572,어린이날,Children's day
1572,1573,어버이날,Parent's day
1573,1574,어색하다,to be awkward
1574,1575,어쨌든,anyway
1575,1576,어쩌다가,coincidentally
1576,1577,어쩌면,"maybe, possibly"
1577,1578,어쩐지,somehow
1578,1579,어차피,"after all, any way"
1579,1580,어학,language
1580,1581,어학연수,language training
1581,1582,어휘,vocabulary
1582,1583,억,billion
1583,1584,억양,accent
1584,1585,억지로,forcibly
1585,1586,언론,mass media
1586,1587,언론인,journalist
1587,1588,언어,language
1588,1589,언젠가,someday
1589,1590,얻다,to obtain
1590,1591,얻어먹다,to get treated
1591,1592,얼다,to freeze
1592,1593,얼룩,stain
1593,1594,얼른,"to be fast, to be quick"
1594,1595,엄격하다,to be strict
1595,1596,엄청나다,"to be tremendous, to be enormous"
1596,1597,업무,"work, job"
1597,1598,없애다,"to get rid of, to dispose of"
1598,1599,엉덩이,butt
1599,1600,엉뚱하다,"to be strange, to be bizarre"
1600,1601,엉망,"wreck, mess, ruin"
1601,1602,엊그제,a few days ago
1602,1603,에너지,energy
1603,1604,에이즈,aids
1604,1605,엔진,engine
1605,1606,엠티,membership training
1606,1607,여가,leisure
1607,1608,여고생,high school girl
1608,1609,여관,"hotel, inn"
1609,1610,여드름,acne
1610,1611,여럿,many
1611,1612,여름날,summer day
1612,1613,여성,female
1613,1614,여성복,women's clothing
1614,1615,여유,"spare, margin"
1615,1616,여전히,just as it was before
1616,1617,여쭈다,to ask politely
1617,1618,여행비,travel expenses
1618,1619,여행자,traveler
1619,1620,여행지,travel destination
1620,1621,역사적,being historical
1621,1622,역시,"as expected, after all"
1622,1623,역할,role
1623,1624,연결,connection
1624,1625,연구,research
1625,1626,연구소,research institute
1626,1627,연구실,research laboratory
1627,1628,연극,theater
1628,1629,연기,"delay, postponement, smoke, acting"
1629,1630,연도,year
1630,1631,연락,communication
1631,1632,연말,end of the year
1632,1633,연말연시,new years holidays
1633,1634,연상,"seniority, elder"
1634,1635,연속,continuity
1635,1636,연속극,"serial drama, soap opera"
1636,1637,연수,training
1637,1638,연애,"romance, courtship"
1638,1639,연애결혼,love marriage
1639,1640,연인,couple
1640,1641,연장,extension
1641,1642,연주,performance
1642,1643,연주회,concert
1643,1644,연하,"being a younger, younger person"
1644,1645,연하다,"to be soft, to supple"
1645,1646,연회비,annual fee
1646,1647,열대야,a very hot night
1647,1648,열람실,reading room
1648,1649,열흘,10 days
1649,1650,염색,dyeing
1650,1651,엿,(Korean traditional) candy
1651,1652,영수증,receipt
1652,1653,영양,nutrition
1653,1654,영양가,nutritional value
1654,1655,영양분,nutrients
1655,1656,영양소,nutrients
1656,1657,영양제,nutritional supplement
1657,1658,영업,sales
1658,1659,영업부,sales department
1659,1660,영역,area
1660,1661,영원히,"eternally, everlastingly, forever"
1661,1662,영향,impact
1662,1663,영화감독,film director
1663,1664,영화제,film festival
1664,1665,옆집,"a neighbor, the house next door"
1665,1666,예금,(bank) deposit
1666,1667,예매,"reservation, booking"
1667,1668,예방,prevention
1668,1669,예보,forecast
1669,1670,예상,expectation
1670,1671,예술,art
1671,1672,예습,"pre-view, preparation"
1672,1673,예식장,wedding hall
1673,1674,예의,"manner, etiquette"
1674,1675,예전,"past, old days"
1675,1676,예절,"manner, etiquette"
1676,1677,예정,plans
1677,1678,예측,forecast
1678,1679,옛,"old, ancient"
1679,1680,옛말,"old story, old speech, old tale"
1680,1681,오가다,to come and go
1681,1682,오늘날,today
1682,1683,오락,entertainment
1683,1684,오래되다,to be old
1684,1685,오랜,long time
1685,1686,오르내리다,to go up and down
1686,1687,오른손,right hand
1687,1688,오리엔테이션,orientation
1688,1689,오염,pollution
1689,1690,오토바이,motorcycle
1690,1691,오페라,opera
1691,1692,오피스텔,officetel(office + hotel)
1692,1693,오해,misunderstanding
1693,1694,오히려,rather
1694,1695,온,"all~, entire"
1695,1696,온갖,various kinds of
1696,1697,온도,temperature
1697,1698,온돌,Ondol (Korean traditional heating system)
1698,1699,온돌방,room with Ondol
1699,1700,온라인,online
1700,1701,온몸,whole-body
1701,1702,온천,hot spring
1702,1703,온천욕,hot spring bath
1703,1704,온통,"all, entire"
1704,1705,올리다,"to raise, to post"
1705,1706,올림픽,olympic
1706,1707,올바르다,"to be proper, to be honest"
1707,1708,옳다,to be correct
1708,1709,옷차림,"dress, clothing"
1709,1710,와인,wine
1710,1711,완성,completion
1711,1712,완전히,completely
1712,1713,왕,king
1713,1714,왕복,round trip
1714,1715,왕비,queen
1715,1716,왠지,for some reason
1716,1717,외가,maternal
1717,1718,외과,surgery department
1718,1719,외교관,diplomat
1719,1720,외동딸,only daughter
1720,1721,외동아들,only son
1721,1722,외래어,"loan word, borrowed word"
1722,1723,외로움,loneliness
1723,1724,외모,appearance
1724,1725,외식,eating out
1725,1726,외아들,only son
1726,1727,외우다,to memorize
1727,1728,외치다,"to scream, to shout"
1728,1729,요가,yoga
1729,1730,요구,request
1730,1731,요구르트,yogurt
1731,1732,요리법,recipe
1732,1733,요리사,chef
1733,1734,요새,"recently, these days"
1734,1735,요약,summary
1735,1736,요청,request
1736,1737,욕,abusive language
1737,1738,욕실,bathroom
1738,1739,욕심,greed
1739,1740,욕심쟁이,greedy person
1740,1741,용,dragon
1741,1742,용기,courage
1742,1743,용돈,"pocket money, allowance"
1743,1744,용서,forgiveness
1744,1745,우등상,honor prize
1745,1746,우리말,Korean language
1746,1747,우물,well
1747,1748,우수성,excellence
1748,1749,우승,"victory, championship"
1749,1750,우아하다,to be graceful
1750,1751,우연,"chance, accident"
1751,1752,우연히,coincidentally
1752,1753,우울증,depression
1753,1754,우울하다,to be depressed
1754,1755,우정,friendship
1755,1756,우주,space
1756,1757,우주여행,space travel
1757,1758,우편,post
1758,1759,우편물,post mail
1759,1760,우편배달,mail delivery
1760,1761,운,luck
1761,1762,운명,fate
1762,1763,운전기사,driver
1763,1764,운전면허,driver's license
1764,1765,운전자,driver
1765,1766,울보,crybaby
1766,1767,울음,"crying, tear"
1767,1768,웃어른,"superior, senior"
1768,1769,웃음,laughter
1769,1770,워낙,"very, basically"
1770,1771,원고,manuscript
1771,1772,원래,originally
1772,1773,원룸,studio apartment
1773,1774,원리,principle
1774,1775,원서,application
1775,1776,원숭이,monkey
1776,1777,원인,cause
1777,1778,월말,end of month
1778,1779,웨딩드레스,wedding dress
1779,1780,위대하다,to be great
1780,1781,위로,"consolation, comfort"
1781,1782,위반,violation
1782,1783,윗사람,"superior, senior"
1783,1784,유난히,"outstandingly, especially"
1784,1785,유니폼,uniform
1785,1786,유람선,cruise ship
1786,1787,유료,"being paid, being charged"
1787,1788,유리창,window glass
1788,1789,유머,humor
1789,1790,유명,being famous
1790,1791,유적지,historic site
1791,1792,유창하다,to be fluent
1792,1793,유치원,kindergarten
1793,1794,유쾌하다,"to be fun, to be cheerful"
1794,1795,유행어,buzzword
1795,1796,육식,being carnivorous
1796,1797,육아,childcare
1797,1798,윷놀이,"game of Yut, Yunnori"
1798,1799,은,silver
1799,1800,은혜,"favor, grace"
1800,1801,음력,lunar calendar
1801,1802,음료,"beverages, drink"
1802,1803,음성,voice
1803,1804,음식물,food and drink
1804,1805,음식점,restaurant
1805,1806,음악회,musical concert
1806,1807,음주,drinking
1807,1808,응급실,emergency room
1808,1809,응답,"response, answer"
1809,1810,응답자,respondents
1810,1811,응시자,examinee
1811,1812,응원,"cheering, support"
1812,1813,의견,opinion
1813,1814,의논,"consultation, discussion"
1814,1815,의류,clothing
1815,1816,의무,obligation
1816,1817,의문,question
1817,1818,의사소통,communication
1818,1819,의상,"clothing, costume"
1819,1820,의식주,"clothing, food, and housing"
1820,1821,의심,doubt
1821,1822,의외로,unexpectedly
1822,1823,의욕,motivation
1823,1824,의의,"significance, meaning, sense"
1824,1825,의지,will
1825,1826,의하다,to be based on
1826,1827,의학,(field of) medicine
1827,1828,의학적,being medical
1828,1829,이것저것,"this and that, various, everything"
1829,1830,이국적,"being exotic, being foreign"
1830,1831,이기다,to win
1831,1832,이기적,being selfish
1832,1833,이끌다,"to pull, to guide"
1833,1834,이내,soon
1834,1835,이다,is
1835,1836,이동,move
1836,1837,이따,later
1837,1838,이때,at this time
1838,1839,이러하다,"such, of this kind, of this sort"
1839,1840,이런저런,"this and that, various"
1840,1841,이루다,"to accomplish, to achieve, to compose"
1841,1842,이루어지다,"to be achieved, to be composed of"
1842,1843,이름나다,to become famous
1843,1844,이름표,name tag
1844,1845,이리,this way
1845,1846,이리저리,here and there
1846,1847,이마,forehead
1847,1848,이만,"this much of, at here"
1848,1849,이만큼,this much
1849,1850,이미,already
1850,1851,이미지,image
1851,1852,이민,immigrants
1852,1853,이별,farewell
1853,1854,이불,blanket
1854,1855,이비인후과,"otorhinolaryngology, ENT"
1855,1856,이삿짐,belongings when moving house
1856,1857,이상형,an ideal type of person
1857,1858,이성,"reason, the opposite sex"
1858,1859,이어지다,to be connected
1859,1860,이어폰,earphone
1860,1861,이외,"except, besides"
1861,1862,이용료,usage fee
1862,1863,이용자,user
1863,1864,이웃,neighborhood
1864,1865,이웃집,neighbor
1865,1866,이익,profit
1866,1867,이자,interest
1867,1868,이전,before
1868,1869,이제야,finally now
1869,1870,이하,"less than, below"
1870,1871,이해력,"comprehension, understanding"
1871,1872,이해심,"compassion, understanding"
1872,1873,이혼,divorce
1873,1874,이후,afterward
1874,1875,익숙하다,"well-known, familiar"
1875,1876,익히다,"to boil, to learn"
1876,1877,인간,human
1877,1878,인간관계,relationships
1878,1879,인간성,human nature
1879,1880,인간적,being human
1880,1881,인류,human race
1881,1882,인사말,greeting words
1882,1883,인상적,being impressive
1883,1884,인생,life
1884,1885,인쇄,printing
1885,1886,인쇄물,printed papers
1886,1887,인스턴트,instant food
1887,1888,인원,number of people
1888,1889,인정받다,"to be recognized, to be accepted"
1889,1890,인출기,ATM
1890,1891,인턴사원,intern
1891,1892,인하다,"to result from, to be caused by, to be due to"
1892,1893,일기장,diary
1893,1894,일단,"first of all, firstly"
1894,1895,일등,first place
1895,1896,일반,ordinary
1896,1897,일반인,ordinary people
1897,1898,일반적,being ordinary
1898,1899,일부,part
1899,1900,일부러,on purpose
1900,1901,일상,daily life
1901,1902,일상적,being daily
1902,1903,일생,lifetime
1903,1904,일시,temporary
1904,1905,일시불,lump-sum payment
1905,1906,일으키다,"to raise, to sit upright"
1906,1907,일자리,workplace
1907,1908,일정,schedule
1908,1909,일정하다,"to be uniform, to be constant"
1909,1910,일출,sunrise
1910,1911,일회용품,disposable product
1911,1912,읽히다,to be read
1912,1913,임산부,pregnant woman
1913,1914,임시,temporary
1914,1915,임신,pregnancy
1915,1916,입금,"deposit, payment on account"
1916,1917,입맛,appetite
1917,1918,입술,lips
1918,1919,입시,entrance examination
1919,1920,입장,admission
1920,1921,입장권,admission ticket
1921,1922,입장료,admission fee
1922,1923,입학시험,entrance examination
1923,1924,입히다,to dress someone up
1924,1925,잇다,"to connect, to tie, to continue"
1925,1926,잎,leaf
1926,1927,자격,qualification
1927,1928,자격증,"license, certificate"
1928,1929,자극적,"being provocative, being stimulating"
1929,1930,자꾸,frequently
1930,1931,자녀,child
1931,1932,자동,automatic
1932,1933,자라다,to grow up
1933,1934,자랑,"boast, brag, showing off"
1934,1935,자료실,"archive, reference room"
1935,1936,자막,subtitles
1936,1937,자매,sisters
1937,1938,자살,suicide
1938,1939,자세하다,"to be detailed, to be minute"
1939,1940,자세히,in detail
1940,1941,자식,"child, kid"
1941,1942,자신감,confidence
1942,1943,자연적,being natural
1943,1944,자외선,ultraviolet rays
1944,1945,자원,resource
1945,1946,자음,consonant
1946,1947,자존심,"self-esteem, pride"
1947,1948,자취,living alone
1948,1949,자판기,vending machine
1949,1950,작가,writer
1950,1951,작곡,composition
1951,1952,작문,"essay, writing"
1952,1953,작사,writing lyrics
1953,1954,작아지다,to get smaller
1954,1955,작업,"work, job, operation"
1955,1956,작품,"work, piece"
1956,1957,잔돈,"small money, small change"
1957,1958,잔디,grass
1958,1959,잔디밭,grass field
1959,1960,잔뜩,"full, much"
1960,1961,잔소리,"useless talk, idle talk"
1961,1962,잔액,balance
1962,1963,잠그다,to lock (a door)
1963,1964,잠기다,"to get locked, to submerged"
1964,1965,잠들다,to fall asleep
1965,1966,잠옷,pajama
1966,1967,잠자리,dragonfly
1967,1968,잡수다,to eat (honorific)
1968,1969,잡아먹다,"to prey on, to feed on"
1969,1970,잡채,Japchae (Korean food)
1970,1971,잡히다,to get caught
1971,1972,장가,marriage (of men)
1972,1973,장가가다,to get married (of men)
1973,1974,장기적,being long term
1974,1975,장난,"naughty, prank"
1975,1976,장난감,toy
1976,1977,장난꾸러기,mischievous kid
1977,1978,장남,eldest son
1978,1979,장녀,eldest daughter
1979,1980,장단점,advantages and disadvantages
1980,1981,장래,future
1981,1982,장례식,funeral
1982,1983,장례식장,funeral hall
1983,1984,장바구니,shopping basket
1984,1985,장사,business
1985,1986,장애,disability
1986,1987,장애인,disabled people
1987,1988,장학,scholarship
1988,1989,장학금,scholarship
1989,1990,재발급,reissue
1990,1991,재산,"wealth, property"
1991,1992,재작년,two years ago
1992,1993,재주,"talent, skills"
1993,1994,재즈,jazz
1994,1995,재테크,investment techniques
1995,1996,재학,enrollment
1996,1997,재해,disaster
1997,1998,재혼,remarriage
1998,1999,재활용,recycling
1999,2000,재활용품,recycled goods
2000,2001,쟤,that person
2001,2002,저금,savings
2002,2003,저금통,piggybank
2003,2004,저렴하다,to be cheap
2004,2005,저울,scale (weight)
2005,2006,저장,"storage, preservation"
2006,2007,저절로,"being natural, being automatic"
2007,2008,저축,savings
2008,2009,적극적,"being enthusiastic, being active"
2009,2010,적금,installment savings
2010,2011,적당하다,to be appropriate
2011,2012,적당히,appropriately
2012,2013,적성,aptitude (for)
2013,2014,적어도,at least
2014,2015,적어지다,to get less
2015,2016,적응,adaptation
2016,2017,적절하다,to be suitable
2017,2018,전구,light bulb
2018,2019,전국,nationwide
2019,2020,전국적,being national
2020,2021,전기,electricity
2021,2022,전날,the day before
2022,2023,전달,"delivery, conveyance"
2023,2024,전동차,subway train
2024,2025,전등,"lamp, light"
2025,2026,전망,outlook
2026,2027,전문가,expert
2027,2028,전문적,being professional
2028,2029,전문점,specialty shop
2029,2030,전반전,first half
2030,2031,전부,"all, entire"
2031,2032,전산실,computer room
2032,2033,전세,security deposit system of housing
2033,2034,전셋집,rent house
2034,2035,전시,exhibition
2035,2036,전시회,exhibition
2036,2037,전원,power supply
2037,2038,전자,electron
2038,2039,전자레인지,microwave
2039,2040,전쟁,war
2040,2041,전철,"subway, train"
2041,2042,전체,entire
2042,2043,전체적,being overall
2043,2044,전통,tradition
2044,2045,전통문화,traditional culture
2045,2046,전통적,being traditional
2046,2047,전화벨,phone bell
2047,2048,절대로,"definitely, absolutely"
2048,2049,절반,half
2049,2050,절약,"saving, frugality"
2050,2051,젊은이,young people
2051,2052,젊음,youth
2052,2053,점잖다,"to be well-mannered, to be gentle"
2053,2054,점점,"gradually, slowly"
2054,2055,점차,gradually
2055,2056,접다,"to fold, to quit"
2056,2057,접수,reception
2057,2058,접하다,"to encounter, to come into contact"
2058,2059,정,affection
2059,2060,정기적,being regularly
2060,2061,정답,correct answer
2061,2062,정말로,really
2062,2063,정보화,informatization
2063,2064,정부,government
2064,2065,정상,normal
2065,2066,정상적,being normal
2066,2067,정성,"sincerity, devotion"
2067,2068,정성껏,"with one's whole heart, elaborately"
2068,2069,정신,"mind, consciousness"
2069,2070,정신없다,to be not in one's right mind
2070,2071,정신없이,"hectically, frantically"
2071,2072,정신적,being mental
2072,2073,정의,justice
2073,2074,정장,"formal clothes, suits"
2074,2075,정전,power outage
2075,2076,정지,stop
2076,2077,정직하다,to be honest
2077,2078,정차,stopping
2078,2079,정체,identity
2079,2080,정치,politics
2080,2081,정치가,politician
2081,2082,정치인,politician
2082,2083,정치학,political science
2083,2084,정확하다,to be accurate
2084,2085,정확히,accurately
2085,2086,젖다,"to get wet, to get soaked"
2086,2087,제공,offer
2087,2088,제대로,properly
2088,2089,제도,system
2089,2090,제때,on time
2090,2091,제발,please
2091,2092,제비,swallow
2092,2093,제사,"ancestral rites, memorial service"
2093,2094,제시간,on time
2094,2095,제안,suggestion
2095,2096,제자,"student, disciple, follower"
2096,2097,제자리,original place
2097,2098,제작,production
2098,2099,제출,submission
2099,2100,제품,product
2100,2101,제한,"limit, restriction"
2101,2102,조개,shellfish
2102,2103,조건,conditions
2103,2104,조교,assistant
2104,2105,조깅,jogging
2105,2106,조르다,"to tighten, to pester"
2106,2107,조리,cooking
2107,2108,조리법,recipe
2108,2109,조림,braised dish
2109,2110,조만간,sooner or later
2110,2111,조명,"lighting, illumination"
2111,2112,조미료,seasoning
2112,2113,조상,ancestor
2113,2114,조심,"caution, carefulness"
2114,2115,조절,adjustment
2115,2116,족발,pig's feet
2116,2117,존경,respect
2117,2118,졸다,to doze
2118,2119,졸리다,to be sleepy
2119,2120,졸업식,graduation ceremony
2120,2121,졸음,sleepiness
2121,2122,좀처럼,"easily, anytime soon"
2122,2123,좁히다,"to narrow, to make something smaller"
2123,2124,종교,religion
2124,2125,종이컵,paper cup
2125,2126,종종,"from time to time, sometimes"
2126,2127,종합,"total, comprehensive"
2127,2128,좌석,seat
2128,2129,좌우,left and right
2129,2130,좌회전,turn left
2130,2131,주거,residence
2131,2132,주고받다,to exchange
2132,2133,주년,anniversary/annual~
2133,2134,주름,wrinkles
2134,2135,주먹,fist
2135,2136,주문서,purchase order
2136,2137,주민,resident
2137,2138,주방,kitchen
2138,2139,주식회사,corporation
2139,2140,주어지다,to be given
2140,2141,주유소,gas station
2141,2142,주의,caution
2142,2143,주인공,main character
2143,2144,주장,"assertion, captain"
2144,2145,주제,"subject, theme"
2145,2146,주택,"housing, residence"
2146,2147,주택가,residential area
2147,2148,죽음,death
2148,2149,죽이다,to kill
2149,2150,준비물,belongings
2150,2151,줄거리,"story, plot"
2151,2152,줄무늬,striped pattern
2152,2153,줄어들다,to decrease
2153,2154,줄이다,"to reduce, to shrink"
2154,2155,줍다,to pick up
2155,2156,중간,middle
2156,2157,중개소,agency
2157,2158,중고,second hand
2158,2159,중고차,second-hand car
2159,2160,중고품,second-hand goods
2160,2161,중급,intermediate
2161,2162,중단,suspension
2162,2163,중부,central part
2163,2164,중소기업,small and medium-sized enterprises
2164,2165,중심지,"capital, hub"
2165,2166,중앙,central part
2166,2167,중요성,importance
2167,2168,쥐,mouse
2168,2169,즉,"that is, which means"
2169,2170,즐거움,"joy, pleasure"
2170,2171,증가,"growth, rise"
2171,2172,증명서,certificate
2172,2173,증상,symptoms
2173,2174,지겹다,"to get tired, to get bored"
2174,2175,지구,earth
2175,2176,지나가다,to pass by
2176,2177,지나치다,"to be extreme, to be severe"
2177,2178,지난해,last year
2178,2179,지루하다,to be boring
2179,2180,지붕,roof
2180,2181,지식,knowledge
2181,2182,지역,area
2182,2183,지옥,hell
2183,2184,지우다,to erase
2184,2185,지원,support
2185,2186,지원자,supporter
2186,2187,지위,status
2187,2188,지저분하다,"to be messy, to be dirty"
2188,2189,지점,"point, branch"
2189,2190,지진,earthquake
2190,2191,지출,"expense, spending"
2191,2192,지치다,"to be tired, to be exhausted"
2192,2193,지켜보다,"to watch, to take care"
2193,2194,지퍼,zipper
2194,2195,지휘자,conductor
2195,2196,직선,straight line
2196,2197,직장인,worker
2197,2198,직접적,being direct
2198,2199,직진,going straight
2199,2200,직후,immediately after
2200,2201,진실,truth
2201,2202,진심,sincerity
2202,2203,진짜,"really, truly"
2203,2204,진찰,medical examination
2204,2205,진통제,painkiller
2205,2206,진하다,"to be thick, to be dark"
2206,2207,진학,entrance to a higher educational institution
2207,2208,진행,progress
2208,2209,진행자,chairperson
2209,2210,질병,disease
2210,2211,질서,order
2211,2212,질투,jealousy
2212,2213,질환,disease
2213,2214,짐승,beast
2214,2215,집값,house price
2215,2216,집다,to grab
2216,2217,집들이,housewarming party
2217,2218,집세,rent
2218,2219,집안,family
2219,2220,집안일,housework
2220,2221,집주인,landlord
2221,2222,집중,concentration
2222,2223,집중력,concentration
2223,2224,짙다,"to be thick, to be dark"
2224,2225,짜증,frustration
2225,2226,짝,pair
2226,2227,짝사랑,"crush, one side love"
2227,2228,짝수,even number
2228,2229,쫓기다,to be chased
2229,2230,쫓다,to chase
2230,2231,쫓아내다,to kick out
2231,2232,쫓아다니다,to chase around
2232,2233,쭉,all the time
2233,2234,찌다,to get fat
2234,2235,찜질,sauna
2235,2236,찜통더위,humid heat
2236,2237,찢다,"to break, to tear"
2237,2238,찢어지다,"to be torn, to be ripped"
2238,2239,차라리,rather
2239,2240,차례,order
2240,2241,차분하다,"to be calm, to be quiet"
2241,2242,차이,difference
2242,2243,차이점,differences
2243,2244,착각,misunderstanding
2244,2245,찬물,cold water
2245,2246,찬성,agreement
2246,2247,참가,participation
2247,2248,참고,reference
2248,2249,참기름,sesame oil
2249,2250,참다,to endure
2250,2251,참석,"attendance, participation"
2251,2252,참여,participation
2252,2253,참치,tuna
2253,2254,찻집,"café, teahouse"
2254,2255,창,window
2255,2256,창피,"shame, embarrassment"
2256,2257,찾아내다,to find out
2257,2258,찾아다니다,to search around
2258,2259,찾아보다,to look for
2259,2260,채널,channel
2260,2261,채식,vegetarian
2261,2262,채식주의자,vegetarian person
2262,2263,채용,recruitment
2263,2264,채우다,"to satisfy, to fill in"
2264,2265,채팅,online chat
2265,2266,책임지다,"to be in charge, to be responsible"
2266,2267,챙기다,"to pack, to prepare"
2267,2268,처녀,virgin
2268,2269,처리,processing
2269,2270,처방,prescription
2270,2271,처방전,prescription
2271,2272,천국,heaven
2272,2273,천사,angel
2273,2274,천장,ceiling
2274,2275,천재,"genius, natural disaster"
2275,2276,철학,philosophy
2276,2277,첫날,first day
2277,2278,첫눈,first snow
2278,2279,첫사랑,first love
2279,2280,첫인상,first impression
2280,2281,청구서,invoice
2281,2282,청년,youth
2282,2283,청소년,teenager
2283,2284,청첩장,invitation
2284,2285,청혼,marriage proposal
2285,2286,체격,"build, frame"
2286,2287,체온,body temperature
2287,2288,체육,physical education
2288,2289,체육관,gym
2289,2290,체조,gymnastics
2290,2291,체중,bodyweight
2291,2292,체험,experience
2292,2293,쳐다보다,"to stare, to look up"
2293,2294,초급,beginner-level
2294,2295,초기,"beginning, start"
2295,2296,초대장,invitation
2296,2297,초보자,beginner
2297,2298,초청장,invitation
2298,2299,총,gun
2299,2300,총무과,general affairs division
2300,2301,촬영장,studio
2301,2302,촬영지,filming site
2302,2303,최근,recent
2303,2304,최대,maximum
2304,2305,최선,best
2305,2306,최신,latest
2306,2307,최저,minimum
2307,2308,최종,"last, final"
2308,2309,최초,the first
2309,2310,최후,"last, final"
2310,2311,추가,adding
2311,2312,추위,cold
2312,2313,추천,recommendation
2313,2314,추천서,letter of recommendation
2314,2315,추첨,drawing lots
2315,2316,추측,guess
2316,2317,출국,leaving a country
2317,2318,출근길,on the way to work
2318,2319,출력,output
2319,2320,출산,giving birth
2320,2321,출산율,birth rate
2321,2322,출생,birth
2322,2323,출석,attendance
2323,2324,출신,"origin, affiliation"
2324,2325,출입,"access, enter"
2325,2326,출입국,immigration
2326,2327,출퇴근,commuting
2327,2328,출판사,publishing company
2328,2329,충격,"shock, impact"
2329,2330,충고,advice
2330,2331,충돌,collision
2331,2332,충분하다,enough
2332,2333,충분히,"enough, sufficiently, fully"
2333,2334,취업,
2334,2335,취업난,unemployment crisis
2335,2336,취침,"sleeping, going to bed"
2336,2337,취하다,to get drunk
2337,2338,측,~side
2338,2339,치료제,treatment medicine
2339,2340,치수,"size, measurement"
2340,2341,치우다,"to clean up, to remove"
2341,2342,치즈,cheese
2342,2343,친어머니,biological mother
2343,2344,친환경,being eco-friendly
2344,2345,침,saliva
2345,2346,침실,bedroom
2346,2347,칭찬,compliment
2347,2348,카네이션,carnation
2348,2349,카세트,cassette
2349,2350,카센터,car repair shop
2350,2351,카페인,caffeine
2351,2352,카펫,carpet
2352,2353,칸,"column, blank"
2353,2354,칼국수,Korean style noodle
2354,2355,캄캄하다,"to be very dark, to be pitch-dark"
2355,2356,캠퍼스,campus
2356,2357,캠프,camping
2357,2358,커다랗다,to be extremely big
2358,2359,커지다,"to get bigger, to grow"
2359,2360,커튼,curtain
2360,2361,커플,couple
2361,2362,컴퓨터실,computer room
2362,2363,켜지다,to light up
2363,2364,코끼리,elephant
2364,2365,코너,corner
2365,2366,코미디,comedy
2366,2367,코미디언,comedian
2367,2368,콘서트,concert
2368,2369,콘센트,"electrical outlet, socket"
2369,2370,콩나물,bean sprouts
2370,2371,퀴즈,quiz
2371,2372,큰길,main road
2372,2373,큰돈,big money
2373,2374,큰소리,"big voice, loud voice"
2374,2375,큰일,important matter
2375,2376,클래식,classic
2376,2377,클릭,click
2377,2378,키우다,"to nurture, to make it bigger"
2378,2379,타입,type
2379,2380,탈,"mask, disguise"
2380,2381,탈의실,"dressing room, fitting room"
2381,2382,탈춤,Korean traditional mask dance
2382,2383,탑승구,boarding gate
2383,2384,탕,"soup, juice"
2384,2385,태도,attitude
2385,2386,태양,sun
2386,2387,태양열,solar heat
2387,2388,태우다,"to burn, to bake"
2388,2389,택배,delivery
2389,2390,택배비,delivery fee
2390,2391,터지다,"to burst, to happen suddenly"
2391,2392,털다,to shake off
2392,2393,테이프,tape
2393,2394,텐트,tent
2394,2395,토끼,rabbit
2395,2396,토론,discussion
2396,2397,토하다,to vomit
2397,2398,통계,statistics
2398,2399,통신,communication
2399,2400,통역,interpretation
2400,2401,통일,unification
2401,2402,통증,pain
2402,2403,통지서,notice
2403,2404,통화,phone call
2404,2405,퇴근길,way back from home
2405,2406,퇴원,being discharged from hospital
2406,2407,퇴직,retirement
2407,2408,투표,vote
2408,2409,튀기다,"to fry, to bounce"
2409,2410,트럭,truck
2410,2411,특기,specialty
2411,2412,특별,being special
2412,2413,특별하다,to be special
2413,2414,특산물,"specialty, regional product"
2414,2415,튼튼하다,"to be durable, to be strong"
2415,2416,틀림없다,to be sure enough
2416,2417,틀림없이,definitely
2417,2418,틈,"crack, gap"
2418,2419,티켓,ticket
2419,2420,팀장,team leader
2420,2421,파다,"to dig down, to carve"
2421,2422,파마,perm
2422,2423,파일,file
2423,2424,파전,Korean pancake
2424,2425,판매,sale
2425,2426,판매자,seller
2426,2427,팥빙수,Korean style shaved ice
2427,2428,패션쇼,fashion show
2428,2429,패스트푸드,fast food
2429,2430,팩스,fax
2430,2431,팬,fan
2431,2432,퍼지다,to spread
2432,2433,편리,convenience
2433,2434,편식,unbalanced diet
2434,2435,편안하다,to be comfortable
2435,2436,편의점,convenience store
2436,2437,편히,easily
2437,2438,펼치다,to spread
2438,2439,평가,evaluation
2439,2440,평균,average
2440,2441,평등,equal
2441,2442,평범하다,"to be ordinary, to be usual, to be common"
2442,2443,평생,forever
2443,2444,평소,usual day
2444,2445,평화,peace
2445,2446,포근하다,to be cozy
2446,2447,포기,to give up
2447,2448,포도주,wine
2448,2449,포인트,point
2449,2450,포장지,wrapping paper
2450,2451,폭발,explosion
2451,2452,폭설,heavy snow
2452,2453,폭식,binge eating
2453,2454,폭우,heavy rain
2454,2455,폭포,waterfall
2455,2456,표시,"sign, mark"
2456,2457,표정,facial expression
2457,2458,표지판,display board
2458,2459,푸르다,to be blue
2459,2460,풀리다,"to be untied, to be relieved"
2460,2461,풀이,interpretation
2461,2462,품질,quality
2462,2463,풍경,landscape
2463,2464,풍부하다,"to be rich, to be abundant"
2464,2465,풍선,balloon
2465,2466,프라이팬,frying pan
2466,2467,프로그래머,programmer
2467,2468,프린터,printer
2468,2469,플라스틱,plastic
2469,2470,플러그,plug
2470,2471,피로,fatigue
2471,2472,피부,skin
2472,2473,피부과,dermatology
2473,2474,피부병,skin disease
2474,2475,피서,summer vacation
2475,2476,피아니스트,pianist
2476,2477,피하다,to avoid
2477,2478,피해,damage
2478,2479,피해자,victim
2479,2480,필수,mandatory
2480,2481,필수품,necessities
2481,2482,필요성,necessity
2482,2483,핑계,excuse
2483,2484,하도,"too, excessively"
2484,2485,하루빨리,"as soon as possible, immediately, quickly"
2485,2486,하루하루,day by day
2486,2487,하룻밤,one night
2487,2488,하마터면,"almost, nearly"
2488,2489,하품,yawn
2489,2490,학과,department (at university)
2490,2491,학력,educational background
2491,2492,학문,academic field
2492,2493,학비,tuition fee
2493,2494,학습,"learning, study"
2494,2495,학자,scholar
2495,2496,학점,"grade, credit"
2496,2497,한가하다,"to be leisurely, to be relaxed"
2497,2498,한국학,Korean studies
2498,2499,한글날,Hangul day
2499,2500,한꺼번에,"at once, together"
2500,2501,한낮,midday
2501,2502,한눈,at a glance
2502,2503,한동안,"temporarily, for a while"
2503,2504,한두,one or two
2504,2505,한마디,a word
2505,2506,한순간,for a moment
2506,2507,한숨,sigh
2507,2508,한약,acupuncture medicine
2508,2509,한옥,Hanok (traditional Korean architecture)
2509,2510,한우,Korean beef
2510,2511,한의사,doctor of traditional Korean medicine
2511,2512,한정식,Korean set meal
2512,2513,한지,traditional Korean paper
2513,2514,한참,for a long time
2514,2515,한창,"at its peak, in bloom"
2515,2516,한편,on the other hand
2516,2517,할부,monthly installment plan
2517,2518,할인점,discount store
2518,2519,함부로,"thoughtlessly, mindlessly"
2519,2520,합격자,"successful candidate, winner"
2520,2521,합치다,"to sum, to match"
2521,2522,합하다,to add
2522,2523,항공,flight
2523,2524,항공권,flight ticket
2524,2525,항공기,aircraft
2525,2526,항공료,airfare
2526,2527,항공사,airlines
2527,2528,항공편,flight
2528,2529,해결,solution
2529,2530,해결책,solution
2530,2531,해고,"layoff, discharge"
2531,2532,해내다,"to accomplish, to achieve"
2532,2533,해돋이,sunrise
2533,2534,해롭다,to be harmful
2534,2535,해마다,"annual, every year"
2535,2536,해물,seafood
2536,2537,해보다,"to try, to attempt"
2537,2538,해산물,seafood
2538,2539,해소,solution
2539,2540,해소법,solution
2540,2541,해수욕,sea bathing
2541,2542,해수욕장,beach
2542,2543,해열제,antipyretic
2543,2544,핸드백,handbag
2544,2545,햇곡식,new grain
2545,2546,햇볕,sunlight
2546,2547,행동,"action, behavior"
2547,2548,행사장,event hall
2548,2549,행운,"luck, fortune"
2549,2550,향,scent
2550,2551,향기,fragrance
2551,2552,향수,"perfume, nostalgia"
2552,2553,향하다,to head
2553,2554,허락,permission
2554,2555,허리띠,"belt, waistband"
2555,2556,험하다,to be rough
2556,2557,헤매다,"to wander, to get lost"
2557,2558,헤어스타일,hairstyle
2558,2559,헤어지다,"to break up, to leave"
2559,2560,헤엄치다,to swim
2560,2561,헬멧,helmet
2561,2562,헬스클럽,"sports club, gym"
2562,2563,현관,entrance
2563,2564,현관문,entrance door
2564,2565,현대,present-day
2565,2566,현대식,modern style
2566,2567,현대인,modern people
2567,2568,현대적,being modern
2568,2569,현모양처,wise mother and good wife
2569,2570,현실,reality
2570,2571,현실적,being realistic
2571,2572,현장,on-site
2572,2573,형용사,adjective
2573,2574,형태,form
2574,2575,형편,"situation, circumstances"
2575,2576,혜택,"grace, blessing"
2576,2577,호감,favor
2577,2578,호기심,curiosity
2578,2579,호수,lake
2579,2580,호칭,name
2580,2581,혹시,maybe
2581,2582,혹은,or
2582,2583,혼나다,to get angry
2583,2584,혼내다,to scold
2584,2585,혼잡,"confusion, mess, disorder"
2585,2586,홀수,odd number
2586,2587,홍보,public relations
2587,2588,홍보물,promotion materials
2588,2589,홍수,flood
2589,2590,화려하다,to be fancy
2590,2591,화면,screen
2591,2592,화물,cargo
2592,2593,화분,flowerpot
2593,2594,화산,volcano
2594,2595,화상,"burn, scald"
2595,2596,화장지,toilet paper
2596,2597,화재,fire
2597,2598,화창하다,"to be fine, to be clear, to be bright"
2598,2599,화해,"reconciliation, settlement, compromise"
2599,2600,확실하다,to be sure
2600,2601,환경,environment
2601,2602,환기,ventilation
2602,2603,환불,refund
2603,2604,환상적,being fantastic
2604,2605,환송회,farewell party
2605,2606,환영회,welcome party
2606,2607,환율,exchange rate
2607,2608,환전,currency exchange
2608,2609,환절기,seasonal change
2609,2610,활동,activities
2610,2611,활동적,being active
2611,2612,활발하다,to be active
2612,2613,활용,utilization
2613,2614,활짝,in full bloom
2614,2615,황당하다,"to be absurd, to be nonsensical, to be ridiculous"
2615,2616,황사,"yellow dust, asian dust"
2616,2617,～회,~ times
2617,2618,회갑,one's 60th birthday
2618,2619,회복,recovery
2619,2620,회비,membership fee
2620,2621,회식,"group dinner, drinking party"
2621,2622,회원,member
2622,2623,회의장,conference hall
2623,2624,회장,president
2624,2625,횟수,number of times
2625,2626,효과,effect
2626,2627,효과적,being effective
2627,2628,효녀,devoted daughter
2628,2629,효율적,being efficient
2629,2630,후문,back gate
2630,2631,후반,later half
2631,2632,후반전,second half
2632,2633,후보,candidate
2633,2634,후식,dessert
2634,2635,후회,regret
2635,2636,훈련,training
2636,2637,훌륭하다,"to be great, to be excellent"
2637,2638,훔치다,to steal
2638,2639,훨씬,"much, far, a lot"
2639,2640,휘발유,gasoline
2640,2641,휴가철,holiday season
2641,2642,휴게실,"break-out room, lounge"
2642,2643,휴대,mobile
2643,2644,휴대폰,mobile phone
2644,2645,휴식,rest
2645,2646,휴양지,resort
2646,2647,휴학,leave of absence (from school)
2647,2648,흐르다,"to flow, to run"
2648,2649,흔들다,to shake
2649,2650,흔들리다,"to wave, to shake"
2650,2651,흔하다,to be common
2651,2652,흔히,"commonly, often"
2652,2653,흘리다,"to spill, to shed"
2653,2654,흙,soil
2654,2655,흡연,smoking
2655,2656,흥미,interest
2656,2657,흥분,excitement
2657,2658,희다,to be white
2658,2659,희망,hope
2659,2660,희망자,applicant
2660,2661,희생자,victim
2661,2662,힘껏,with all one's strength
