0,1,가게,"store, shop"
1,2,가격,price
2,3,가구,furniture
3,4,가깝다,close
4,5,가끔,sometimes
5,6,가다,go
6,7,가르치다,teach
7,8,가방,bag
8,9,가볍다,light
9,10,가수,singer
10,11,가슴,"chest, breast"
11,12,가요,song
12,13,가운데,middle
13,14,가위,scissors
14,15,가을,"autumn, fall"
15,16,가장,most
16,17,가져가다,take away
17,18,가져오다,bring
18,19,가족,family
19,20,가지,branch
20,21,가지다,have
21,22,각,each
22,23,간,while
23,24,간단하다,"simple, easy"
24,25,간단히,simply
25,26,간식,snack
26,27,간장,soy sauce
27,28,간호사,nurse
28,29,갈비,"Galvi, spareribs"
29,30,갈비탕,"Galbitang, spareribs soup"
30,31,갈색,brown
31,32,갈아타다,transfer
32,33,감,persimmon
33,34,감기,cold
34,35,감기약,cold medicine
35,36,감다,close ~ (eyes)
36,37,감동,sensation
37,38,감동하다,be impressed
38,39,감사,thank
39,40,감사드립니다,thank you
40,41,감사하다,"thank, appreciate"
41,42,감사합니다,thank you
42,43,감자,potato
43,44,감자탕,"Gamjatang, potato soup"
44,45,갑자기,suddenly
45,46,값,price
46,47,강,river
47,48,강아지,puppy
48,49,강좌,lecture
49,50,갖다,have
50,51,같다,same
51,52,같이,together
52,53,개,"dog, ~ piece(s)"
53,54,개나리,forsythia
54,55,개인,individual
55,56,거기,there
56,57,거리,street
57,58,거실,living room
58,59,거울,mirror
59,60,거의,"almost, nearly"
60,61,거짓말,lie
61,62,걱정,"anxiety, concern"
62,63,걱정하다,worry
63,64,건강,health
64,65,건강하다,be healthy
65,66,건너가다,cross (a road)
66,67,건너다,cross over
67,68,건너편,"other side, opposite side"
68,69,건물,building
69,70,건배,"cheers, toast"
70,71,걷다,walk
71,72,걸다,"bet, call"
72,73,걸리다,"get caught, take (time)"
73,74,걸어가다,walk (go)
74,75,걸어오다,walk (come)
75,76,검은색,black
76,77,것,"that, thing, it"
77,78,게임,game
78,79,겨울,winter
79,80,겨울방학,winter vacation
80,81,결과,result
81,82,결정,decision
82,83,결정하다,decide
83,84,결혼,marriage
84,85,결혼식,wedding ceremony
85,86,결혼하다,get married
86,87,경기,"competition, game"
87,88,경기장,"stadium, arena"
88,89,경복궁,Gyeongbokgung
89,90,경주,Gyeongju
90,91,경찰,police
91,92,경찰관,police officer
92,93,경찰서,police office
93,94,경치,"view, landscape"
94,95,경험,experience
95,96,계단,stairs
96,97,계란,egg
97,98,계산하다,calculate
98,99,계속,continue
99,100,계시다,"be, exist (honorific form)"
100,101,계절,season
101,102,계획,plan
102,103,고기,meat
103,104,고등학교,high school
104,105,고등학생,high school student
105,106,고르다,choose
106,107,고마웠습니다,Thank you (past tense)
107,108,고맙다,thank
108,109,고맙습니다,Thank you
109,110,고모,paternal aunt
110,111,고모부,paternal uncle
111,112,고속버스,express bus
112,113,고양이,cat
113,114,고장,"broken, malfunction"
114,115,고추,red pepper
115,116,고추장,"Kochujang, red pepper paste"
116,117,고치다,fix
117,118,고프다,hungry
118,119,고향,hometown
119,120,곧,soon
120,121,골목,alley
121,122,골프,golf
122,123,곱다,beautiful
123,124,곳,place
124,125,공,ball
125,126,공간,space
126,127,공기,air
127,128,공무원,public official
128,129,공부,study
129,130,공부하다,study
130,131,공연,"show, public performance"
131,132,공원,park
132,133,공중전화,"payphone, public phone"
133,134,공짜,free
134,135,공책,"notebook, note"
135,136,공항,airport
136,137,공휴일,public holiday
137,138,과,division
138,139,과거,past
139,140,과일,fruit
140,141,과자,snack
141,142,과학,science
142,143,관계,relation
143,144,관광하다,"travel, sightsee"
144,145,관심,"attention, interest"
145,146,광고,advertisement
146,147,괜찮다,be okay
147,148,괜찮습니다,It's fine.
148,149,교과서,textbook
149,150,교수,professor
150,151,교실,classroom
151,152,교체,"substitute, change"
152,153,교통,traffic
153,154,교통사고,traffic accident
154,155,교회,church
155,156,구,9
156,157,구경하다,take a look
157,158,구두,shoes
158,159,구름,cloud
159,160,구십,90
160,161,구월,September
161,162,구하다,"save, seek, get"
162,163,국,soup
163,164,국내,domestic
164,165,국립,"nationalestablished, state"
165,166,국수,noodle
166,167,국어,Korean language
167,168,국적,"nationality, country of citizenship"
168,169,국제,international
169,170,군인,"soldier, military personnel"
170,171,굽다,bake
171,172,권,~ book(s)
172,173,귀,ear
173,174,귀엽다,cute
174,175,규칙,rule
175,176,귤,mandarin orange
176,177,그,it
177,178,그거,it
178,179,그것,it
179,180,그곳,there
180,181,그날,that day
181,182,그냥,"just, as it is"
182,183,그동안,"meantime, meanwhile, up to now"
183,184,그들,"them, they"
184,185,그때,"then, at that time"
185,186,그래,"Yes, Yeah"
186,187,그래서,"so, thus"
187,188,그램,gram
188,189,그러나,"but, however"
189,190,그러니까,"so, because"
190,191,그러면,"then, if so"
191,192,그런,"then, such"
192,193,그런데,"by the way, however"
193,194,그럼,then
194,195,그렇게,"like that, so"
195,196,그렇구나,"well, I see."
196,197,그렇다,"Yes, that's it."
197,198,그렇습니다,That's right.
198,199,그렇지만,"nevertheless, but"
199,200,그릇,"bowl, container, tableware"
200,201,그리고,and
201,202,그리다,draw
202,203,그림,"drawing, picture"
203,204,그만,"stop, finish"
204,205,그분,"his, the person"
205,206,그저께,day before yesterday
206,207,그중,among them
207,208,그쪽,"there, the person"
208,209,그치다,"stop, end, cease"
209,210,극장,"theater, cinema"
210,211,근처,"nearby, neighborhood"
211,212,글,"post, sentence, character"
212,213,글쎄요,"I do not know., well, I guess ~"
213,214,금방,"soon, a little while ago"
214,215,금연,no smoking
215,216,금요일,Friday
216,217,금주,"abstinence, temperance"
217,218,급,"class, grade"
218,219,급하다,"hurry, urgent"
219,220,기간,"term, period"
220,221,기다리다,wait
221,222,기르다,"cultivate, grow"
222,223,기름,"oil, gasoline"
223,224,기분,feeling
224,225,기뻐하다,"glad, delight"
225,226,기쁘다,happy
226,227,기사,"article, driver, engineer"
227,228,기숙사,dormitory
228,229,기억하다,remember
229,230,기온,temperature
230,231,기자,reporter
231,232,기차,train
232,233,기침,cough
233,234,기타,other
234,235,긴장되다,be nervous
235,236,길,"way, road"
236,237,길다,long
237,238,김,seaweed
238,239,김밥,Kimbab
239,240,김치,Kimchi
240,241,김치찌개,Kimchi stew
241,242,김포공항,Gimpo International Airport
242,243,까만색,black color
243,244,까맣다,black
244,245,깎다,"cut, shave"
245,246,깜짝,"startled, surprised"
246,247,깨끗하다,clean
247,248,깨다,"wake up, crack, break"
248,249,깨지다,"chip, crack, break"
249,250,꺼내다,take out
250,251,껌,chewing gum
251,252,꼭,"exactly, absolutely"
252,253,꽃,flower
253,254,꽃집,florist
254,255,꾸다,dream
255,256,꿈,dream
256,257,끄다,"turn off, extinguish, stop"
257,258,끓이다,boil
258,259,끝,end
259,260,끝나다,"finish, end"
260,261,끝내다,finish
261,262,끼다,"put on, plug, (fog) rolls in"
262,263,나,I
263,264,나가다,"go out, get out"
264,265,나누다,"share, divide"
265,266,나다,"occur, come out"
266,267,나라,country
267,268,나무,tree
268,269,나빠지다,"spoil, deteriorate"
269,270,나쁘다,bad
270,271,나오다,"come out, appear"
271,272,나이,"age, old"
272,273,나중,"later, after"
273,274,나타나다,appear
274,275,나흘,four days
275,276,낚시,fishing
276,277,날,day
277,278,날씨,weather
278,279,날짜,date
279,280,남,"south, man"
280,281,남기다,leave
281,282,남녀,men and women
282,283,남대문시장,Namdaemun market
283,284,남동생,younger brother
284,285,남미,South America
285,286,남북,north and south
286,287,남자,man
287,288,남쪽,south
288,289,남편,husband
289,290,남학생,male student
290,291,낮,"day, noon, during the day"
291,292,낮다,low
292,293,내,"of mine, my"
293,294,내가,I
294,295,내과,internal medicine
295,296,내년,next year
296,297,내다,"pay, put out"
297,298,내려가다,go down
298,299,내려오다,come down
299,300,내리다,go down
300,301,내용,content
301,302,내일,tomorrow
302,303,냄비,pot
303,304,냄새,smell
304,305,냉면,cold noodle
305,306,냉장고,refrigerator
306,307,너,you
307,308,너무,"too, very"
308,309,넓다,wide
309,310,넘다,"exceed, more than"
310,311,넘어지다,"fall down, fall"
311,312,넣다,put in
312,313,네,"yes, 4"
313,314,넥타이,necktie
314,315,넷,4
315,316,넷째,fourth
316,317,년,year
317,318,노란색,yellow color
318,319,노랗다,yellow
319,320,노래,song
320,321,노래방,Karaoke shop
321,322,노래하다,sing
322,323,노력하다,"endeavor, strive"
323,324,노트,note
324,325,녹색,green
325,326,녹차,green tea
326,327,놀다,play
327,328,놀라다,be surprised
328,329,농구,basketball
329,330,높다,high
330,331,놓다,put
331,332,누가,who
332,333,누구,who
333,334,누나,sister (as seen from the younger brother)
334,335,누르다,"press down, push"
335,336,눈,"eye, snow"
336,337,눈물,tear
337,338,눈사람,snowman
338,339,눈싸움,"staring contest, snowball fight"
339,340,눕다,"lie down, sleep"
340,341,뉴스,news
341,342,뉴욕,New York
342,343,느끼다,feel
343,344,느낌,feeling
344,345,느리다,slow
345,346,늘,always
346,347,늘다,"gain, increase"
347,348,능력,ability
348,349,늦다,"late, delay"
349,350,늦잠,"overslept, sleeping in late"
350,351,님,Sir
351,352,다,"all, whole"
352,353,다녀오다,"return, come back"
353,354,다니다,"go, commute"
354,355,다르다,different
355,356,다른,"other ~, another ~, different ~"
356,357,다리,"bridge, leg, foot"
357,358,다섯,5
358,359,다시,again
359,360,다음,"next, after"
360,361,다음달,next month
361,362,다음주,next week
362,363,다음해,"next year, following year"
363,364,다이어트,diet
364,365,다치다,hurt
365,366,닦다,"wipe, polish"
366,367,단어,word
367,368,단점,"disadvantage, shortcoming, drawback"
368,369,닫다,close
369,370,닫히다,"shut, close"
370,371,달,"month, moon"
371,372,달걀,egg
372,373,달다,sweet
373,374,달러,dollar
374,375,달력,calendar
375,376,달리다,run
376,377,닭,"chicken, hen"
377,378,닭고기,chicken
378,379,닮다,resemble
379,380,담그다,"dip, pickle"
380,381,담배,tobacco
381,382,답장,reply
382,383,당근,carrot
383,384,당신,you
384,385,대,"versus, large"
385,386,대답,answer
386,387,대답하다,"answer, reply"
387,388,대부분,"mostly, almost"
388,389,대사관,embassy
389,390,대학,"university, college"
390,391,대학교,"university, college"
391,392,대학생,college student
392,393,대학원,graduate school
393,394,대학원생,"postgraduate student, graduate student"
394,395,대한민국,"Republic of Korea, South Korea"
395,396,대화,"conversation, dialogue"
396,397,대회,"competition, tournament"
397,398,댁,house
398,399,더,more
399,400,더럽다,dirty
400,401,더운물,hot water
401,402,덕분,"thanks for, thanks to"
402,403,덥다,hot
403,404,덮다,cover
404,405,데리다,"bring, take along"
405,406,데이트,"date, dating"
406,407,도로,road
407,408,도서관,library
408,409,도시,city
409,410,도와주다,help
410,411,도움,"help, assistance"
411,412,도착,arrival
412,413,도착하다,arrive
413,414,도쿄,Tokyo
414,415,독서,reading
415,416,독서실,reading room
416,417,독서하다,read
417,418,독일,Germany
418,419,돈,money
419,420,돌아가다,"return, go back"
420,421,돌아오다,"come back, come home"
421,422,돕다,help
422,423,동네,"town, neighborhood"
423,424,동대문시장,Dongdaemun market
424,425,동물,animal
425,426,동생,"brother, sister"
426,427,동아리,"club, group"
427,428,동안,"during, between"
428,429,동양,"eastern, orient"
429,430,동전,coin
430,431,동쪽,east
431,432,돼지,pig
432,433,돼지고기,pork
433,434,되다,become
434,435,된장,fermented soybean paste
435,436,된장국,soybean paste soup
436,437,된장찌개,soybean paste stew
437,438,두,two
438,439,두껍다,thick
439,440,두다,put
440,441,두부,tofu
441,442,두부찌개,tofu soup
442,443,둘,2
443,444,둘째,"second, the second of~"
444,445,뒤,"rear, back"
445,446,뒤쪽,"behind, back, towards the rear"
446,447,드라마,drama
447,448,드리다,give
448,449,드시다,eat (honorific form)
449,450,듣기,"listening, hearing"
450,451,듣다,listen
451,452,들,"field, ~s,"
452,453,들다,"hold, enter"
453,454,들어가다,"go in, enter"
454,455,들어오다,"come in, enter"
455,456,등,"etc, back"
456,457,등산,"hiking, mountain-climbing"
457,458,등산복,mountaineering clothing
458,459,등산화,"hiking boots, climbing shoes"
459,460,디브이디,DVD
460,461,디자인,design
461,462,따뜻하다,warm
462,463,따라가다,follow
463,464,따라오다,"come with, follow"
464,465,따로,separately
465,466,따르다,follow
466,467,딸,daughter
467,468,딸기,strawberry
468,469,땀,sweat
469,470,때,time
470,471,때문,"because, for ~, so~"
471,472,떠나다,leave
472,473,떠들다,"chatter, make a noise"
473,474,떡,rice cake
474,475,떡국,rice cake soup
475,476,떡볶이,Toppogi
476,477,떨어지다,drop
477,478,또,"in addition, again"
478,479,또는,or
479,480,똑같다,same
480,481,똑바로,"upright, straight"
481,482,뛰다,run
482,483,뜨겁다,hot
483,484,뜨다,"rise, open (the eyes)"
484,485,뜻,meaning
485,486,라디오,radio
486,487,라면,ramen
487,488,러시아,Russia
488,489,로션,skin lotion
489,490,마늘,garlic
490,491,마르다,dry
491,492,마리,"~ animal(s), ~ head(s)"
492,493,마시다,drink
493,494,마음,"mind, feeling"
494,495,마지막,last
495,496,마치다,"finish, end"
496,497,마흔,40
497,498,막히다,"be blocked, be clogged"
498,499,만,"only, ten thousand"
499,500,만나다,meet
500,501,만두,dumpling
501,502,만들다,"make, create"
502,503,만일,"if, should"
503,504,만지다,touch
504,505,만화,"comic book, cartoon"
505,506,많다,many
506,507,많이,"a lot of, many"
507,508,말,"word, talk"
508,509,말씀,"words, remarks"
509,510,말씀하다,talk
510,511,말하기,speaking
511,512,말하다,"say, talk"
512,513,맑다,"clear, clean"
513,514,맛,"flavor, taste"
514,515,맛없다,not delicious
515,516,맛있다,delicious
516,517,맞다,"right, fit, correct"
517,518,맞습니다,That's right.
518,519,맞아요,That's right.
519,520,맞은편,"across, the other side, opposite"
520,521,매다,tie
521,522,매우,"extremely, very"
522,523,매일,everyday
523,524,매주,every week
524,525,맥주,beer
525,526,맵다,spicy
526,527,머리,"head, hair"
527,528,먹다,eat
528,529,먼저,"first, first of all, before"
529,530,멀다,"far, distant, long"
530,531,멋있다,"cool, nice"
531,532,메뉴,menu
532,533,메다,"shoulder, carry"
533,534,메모,memo
534,535,메시지,message
535,536,멕시코,Mexico
536,537,며칠,"a few days, what date"
537,538,면도,"razor, shaving"
538,539,명,~ person(s)
539,540,명절,"holidays, annual events"
540,541,몇,"a few, a number of"
541,542,모두,"all, everyone"
542,543,모레,the day after tomorrow
543,544,모르겠습니다,I don't know.
544,545,모르다,do not know
545,546,모시다,"take you, serve you (honorific form)"
546,547,모양,"shape, form, style"
547,548,모으다,"collect, gather"
548,549,모이다,"gather, get together"
549,550,모임,"meeting, gathering"
550,551,모자,hat
551,552,목,"neck, throat"
552,553,목걸이,necklace
553,554,목소리,voice
554,555,목요일,Thursday
555,556,목욕,"bath, bathing"
556,557,목욕하다,take a bath
557,558,목적,purpose
558,559,몸,body
559,560,몸살,"sickness, disease that comes from fatigue"
560,561,못하다,~ can not do
561,562,몽골,Mongolia
562,563,무,radish
563,564,무겁다,heavy
564,565,무궁화,rose of sharon
565,566,무료,free
566,567,무릎,knee
567,568,무리,"swarm, unreasonable"
568,569,무섭다,scary
569,570,무슨,what
570,571,무엇,what
571,572,무엇이,what
572,573,무역,trade
573,574,무용,dance
574,575,무척,very
575,576,문,"door, gate"
576,577,문구점,stationery store
577,578,문장,sentence
578,579,문제,problem
579,580,문화,culture
580,581,묻다,ask
581,582,물,water
582,583,물건,"stuff, thing"
583,584,물론,"sure, of course"
584,585,물어보다,ask
585,586,뭐,what
586,587,미국,The United States
587,588,미래,future
588,589,미리,"in advance, beforehand"
589,590,미술,art
590,591,미술관,"art gallery, art museum"
591,592,미안하다,sorry
592,593,미안합니다,I'm sorry.
593,594,미용실,beauty salon
594,595,미터,meter
595,596,민속촌,folk village
596,597,밀가루,flour
597,598,밀리다,"be shaved, be pushed"
598,599,밑,"bottom, below"
599,600,바꾸다,change
600,601,바뀌다,be changed
601,602,바나나,banana
602,603,바다,sea
603,604,바닷가,beach
604,605,바라다,hope
605,606,바람,wind
606,607,바로,"immediately, soon, just"
607,608,바르다,"right, paint, wear"
608,609,바쁘다,busy
609,610,바이올린,violin
610,611,바지,pants
611,612,박물관,museum
612,613,박수,"clap, applause"
613,614,밖,"out, outside"
614,615,반,"half, group"
615,616,반갑다,"nice to meet, happy"
616,617,반갑습니다,Nice to meet you.
617,618,반년,half a year
618,619,반달,half-moon
619,620,반바지,shorts
620,621,반지,ring
621,622,반찬,side dish
622,623,받다,receive
623,624,발,"foot, leg"
624,625,발가락,toe(s)
625,626,발음,pronunciation
626,627,발전,development
627,628,발표,"announcement, presentation"
628,629,밝다,bright
629,630,밤,night
630,631,밥,"rice, meal"
631,632,방,room
632,633,방법,"way, method"
633,634,방송,broadcast
634,635,방송국,broadcast stations
635,636,방학,vacation
636,637,배,"ship, stomach, pear"
637,638,배고프다,hungry
638,639,배구,volleyball
639,640,배달,delivery
640,641,배부르다,be full (I am full.)
641,642,배우,actor
642,643,배우다,learn
643,644,배탈,stomachache
644,645,백,100
645,646,백화점,department store
646,647,버리다,"abandon, throw away"
647,648,버스,bus
648,649,번,~ time(s)
649,650,번호,number
650,651,벌다,"earn, make money"
651,652,벌써,already
652,653,벗다,"take off (clothes, shoes)"
653,654,벚꽃,cherry blossom
654,655,베이징,Beijing
655,656,베트남,Vietnam
656,657,벽,wall
657,658,변호사,lawyer
658,659,별,star
659,660,별로,not really
660,661,병,"illness, ~ bottle(s)"
661,662,병원,hospital
662,663,보내다,"send, spend"
663,664,보다,see
664,665,보도,"sidewalk, report"
665,666,보이다,"show, look"
666,667,보통,"usually, normally, in general"
667,668,복숭아,peach
668,669,복잡하다,"complicated, crowded"
669,670,볶다,fry
670,671,볶음밥,fried rice
671,672,볼펜,ballpoint pen
672,673,봄,spring
673,674,봉지,bag
674,675,봉투,envelope
675,676,뵙다,meet
676,677,부동산,real estate
677,678,부드럽다,"soft, friendly"
678,679,부르다,"call, sing"
679,680,부모,parents
680,681,부부,"couple, husband and wife, married couple"
681,682,부산,Busan
682,683,부업,sideline
683,684,부엌,kitchen
684,685,부인,"wife, Mrs."
685,686,부장,director
686,687,부지런하다,diligent
687,688,부치다,"send, fry, transmit"
688,689,부탁,"request, please"
689,690,부탁하다,"beg, ask"
690,691,북쪽,North
691,692,분,"~ person(s), ~ minute(s)"
692,693,분위기,atmosphere
693,694,불,"fire, electrical light"
694,695,불고기,"Bulgogi, grilled meat"
695,696,불다,"blow (wind or whistle, musical instruments, etc.)"
696,697,불편하다,"uncomfortable, inconvenient"
697,698,붓다,pour
698,699,붙다,"stick, pass a test"
699,700,붙이다,"attach, stick"
700,701,브라질,Brazil
701,702,블라우스,blouse
702,703,비,rain
703,704,비누,soap
704,705,비디오,video
705,706,비밀,secret
706,707,비빔밥,"Bibimbap, mixed rice"
707,708,비슷하다,"similar, like"
708,709,비싸다,expensive
709,710,비행기,airplane
710,711,비행장,"airfield, airport"
711,712,빌딩,building
712,713,빌리다,"borrow, lend"
713,714,빠르다,fast
714,715,빨간색,red color
715,716,빨갛다,red
716,717,빨다,"suck, do laundry"
717,718,빨래,"laundry, wash"
718,719,빨리,quickly
719,720,빵,bread
720,721,빵집,bakery
721,722,빼다,"remove, pull, pull out"
722,723,뿐,only
723,724,사,4
724,725,사거리,"intersection, four corners"
725,726,사계절,four seasons
726,727,사고,accident
727,728,사과,apple
728,729,사다,buy
729,730,사람,"person, man"
730,731,사랑,love
731,732,사랑하다,love
732,733,사례,"case, example"
733,734,사무실,office
734,735,사물,"object, thing"
735,736,사십,40
736,737,사업가,"entrepreneur, businessman"
737,738,사용하다,use
738,739,사원,"temple, employee"
739,740,사월,April
740,741,사이,"between, while"
741,742,사이다,cider
742,743,사이즈,size
743,744,사인하다,sign
744,745,사장,"CEO, the president"
745,746,사전,dictionary
746,747,사진,"picture, photo"
747,748,사진기,camera
748,749,사촌,cousin
749,750,사탕,candy
750,751,사흘,3 days
751,752,산,mountain
752,753,산책,walk
753,754,살,"flesh, ~ year(s) old"
754,755,살다,live
755,756,삼,3
756,757,삼거리,"intersection, three-way intersection"
757,758,삼계탕,Samgyetang
758,759,삼십,30
759,760,삼월,March
760,761,삼촌,paternal uncle
761,762,상관,relation
762,763,상자,box
763,764,상처,"wound, scratch"
764,765,상품,product
765,766,새,"bird, new"
766,767,새로,newly
767,768,새벽,"dawn, late at night, early morning"
768,769,새우,shrimp
769,770,색,color
770,771,색깔,color
771,772,샌드위치,sandwich
772,773,생각,"thinking, thought"
773,774,생각되다,"be considered, it seems~"
774,775,생각하다,think
775,776,생기다,"form, arise"
776,777,생선,fish
777,778,생신,birthday (honorific form)
778,779,생일,birthday
779,780,생활,life
780,781,샤워하다,take a shower
781,782,샴푸,shampoo
782,783,서다,stand
783,784,서로,"each other, both"
784,785,서류,document
785,786,서른,30
786,787,서비스,service
787,788,서양,"western, west"
788,789,서울,Seoul
789,790,서울역,Seoul station
790,791,서점,bookstore
791,792,서쪽,"west, western"
792,793,선물,"gift, present"
793,794,선배,"elder, senior"
794,795,선생님,teacher
795,796,선수,player
796,797,선택하다,"choose, select"
797,798,선풍기,fan
798,799,설거지,"washing dishes, dish-washing"
799,800,설날,Lunar New Year
800,801,설렁탕,Seolleongtang
801,802,설명,"explanation, description"
802,803,설명하다,explain
803,804,설악산,Mt. Seorak
804,805,설탕,sugar
805,806,섬,island
806,807,성,"castle, last name"
807,808,성격,personality
808,809,성함,name
809,810,세계,world
810,811,세수하다,wash
811,812,세우다,"set up, formulate"
812,813,세일하다,have a sale
813,814,세탁기,washing machine
814,815,세탁소,"dry cleaners, laundromat"
815,816,센터,center
816,817,센티미터,centimeter
817,818,셋,3
818,819,셋째,third
819,820,소,"small, cow"
820,821,소개,introduction
821,822,소개하다,introduce
822,823,소고기,beef
823,824,소금,salt
824,825,소리,"sound, voice"
825,826,소설,novel
826,827,소설가,novelist
827,828,소식,news
828,829,소파,sofa
829,830,소포,parcel
830,831,소풍,"picnic, trip"
831,832,소화제,"peptic, digestive"
832,833,속,inside
833,834,손,hand
834,835,손가락,finger
835,836,손님,customer
836,837,손수건,handkerchief
837,838,송이,"bunch, flower, cluster"
838,839,쇼핑,shopping
839,840,수건,"towel, washcloth"
840,841,수도,"capital, water supply"
841,842,수돗물,tap water
842,843,수박,watermelon
843,844,수술하다,operate on for
844,845,수업,"class, lesson"
845,846,수영,swimming
846,847,수영복,swimsuit
847,848,수영장,swimming pool
848,849,수요일,Wednesday
849,850,수저,chopsticks and a spoon
850,851,수첩,"note, notebook"
851,852,수학,mathematics
852,853,숙제,homework
853,854,순서,"order, turn"
854,855,숟가락,spoon
855,856,술,"alcohol, liquor"
856,857,쉬다,rest
857,858,쉰,50
858,859,쉽다,easy
859,860,슈퍼마켓,supermarket
860,861,스물,20
861,862,스웨터,sweater
862,863,스케이트,skate
863,864,스키,"ski, skiing"
864,865,스키장,ski resort
865,866,스타,star
866,867,스타킹,stockings
867,868,스트레스,stress
868,869,스페인어,Spanish
869,870,스포츠,sport
870,871,슬퍼하다,"sorrow, mourn"
871,872,슬프다,sad
872,873,습관,habit
873,874,시,"city, time"
874,875,시간,time
875,876,시간표,"schedule, timetable"
876,877,시계,clock
877,878,시골,countryside
878,879,시끄럽다,noisy
879,880,시내,"downtown, city, stream"
880,881,시다,sour
881,882,시디,CD
882,883,시민,citizen
883,884,시설,facility
884,885,시외,suburbs
885,886,시원하다,"cool, refresh"
886,887,시월,October
887,888,시작,start
888,889,시작되다,begin
889,890,시작하다,"start, begin"
890,891,시장,market
891,892,시청,city hall
892,893,시키다,"make someone do, order"
893,894,시험,"exam, test"
894,895,식당,"restaurant, cafeteria"
895,896,식사,meal
896,897,식탁,table
897,898,신,"god, new"
898,899,신다,"put on, wear"
899,900,신문,newspaper
900,901,신발,"shoes, footwear"
901,902,신청서,application forms
902,903,신청하다,"put in for, apply for"
903,904,실례,excuse
904,905,실례하다,be excused
905,906,실수,"mistake, failure"
906,907,싫다,hate
907,908,싫어하다,"dislike, hate"
908,909,심하다,"severe, terrible"
909,910,십,10
910,911,십이월,December
911,912,십일월,November
912,913,싱겁다,not salty
913,914,싶다,want
914,915,싸다,"cheap, wrap"
915,916,싸우다,fight
916,917,쌀,rice
917,918,쌀밥,cooked rice
918,919,쌓이다,"stack up, pile up"
919,920,썰다,"chop, cut"
920,921,쓰기,"writing, dictation"
921,922,쓰다,"write, use, wear (glasses)"
922,923,쓰레기,garbage
923,924,쓰이다,"be written, be used"
924,925,씨,"seed, Mr. ~"
925,926,씩,"each, every, per"
926,927,씹다,"chew, bite"
927,928,씻다,wash
928,929,아가씨,"Miss, daughter"
929,930,아기,"baby, toddler"
930,931,아까,"earlier, while ago"
931,932,아내,wife
932,933,아뇨,no
933,934,아니다,no
934,935,아니오,no
935,936,아니요,no
936,937,아들,son
937,938,아랍어,Arabic
938,939,아래,"bottom, under"
939,940,아름답다,beautiful
940,941,아마,"maybe, perhaps"
941,942,아무,any
942,943,아버님,father
943,944,아버지,father
944,945,아빠,dad
945,946,아시아,Asia
946,947,아이,child
947,948,아이스크림,ice cream
948,949,아저씨,"uncle, mister"
949,950,아주,"very, completely"
950,951,아주머니,"old lady, madame, aunt"
951,952,아줌마,"old lady, madame, aunt"
952,953,아직,"yet, still"
953,954,아침,"morning, breakfast"
954,955,아침밥,breakfast
955,956,아침식사,breakfast
956,957,아파트,"apartment, mansion"
957,958,아프다,"painful, sick"
958,959,아프리카,Africa
959,960,아홉,9
960,961,아흔,90
961,962,악기,musical instrument
962,963,안,"within, not ~"
963,964,안경,glasses
964,965,안내하다,"guide, invite"
965,966,안녕하세요,"hi, hello"
966,967,안녕하십니까,hello
967,968,안다,"embrace, cradle"
968,969,안전하다,safe
969,970,앉다,sit
970,971,알다,know
971,972,알리다,inform
972,973,알맞다,"fit, appropriate"
973,974,알았습니다,I understood.
974,975,앞,"front, previous"
975,976,애,child
976,977,액세서리,accessory
977,978,야구,baseball
978,979,야채,vegetable
979,980,약,"about, medicine"
980,981,약간,"slightly, a little"
981,982,약국,pharmacy
982,983,약사,pharmacist
983,984,약속,"appointment, promise"
984,985,얇다,thin
985,986,양,"amount, sheep"
986,987,양말,socks
987,988,양복,suit
988,989,양식,"form, western style"
989,990,양파,onion
990,991,얘기하다,talk
991,992,어깨,shoulder
992,993,어느,"which, how"
993,994,어둡다,dark
994,995,어디,where
995,996,어떤,"which, what"
996,997,어떻게,how
997,998,어떻다,how
998,999,어떻습니까?,How is it?
999,1000,어렵다,difficult
1000,1001,어른,adult
1001,1002,어리다,young
1002,1003,어린이,child
1003,1004,어머,"oh, well"
1004,1005,어머니,mother
1005,1006,어머님,mother
1006,1007,어서,"hurry, quickly"
1007,1008,어울리다,"look good on, befit"
1008,1009,어저께,yesterday
1009,1010,어제,yesterday
1010,1011,어젯밤,last night
1011,1012,언니,sister (as seen from the younger sister)
1012,1013,언제,when
1013,1014,언제나,"always, anytime"
1014,1015,얼굴,face
1015,1016,얼마나,how much
1016,1017,얼음,ice
1017,1018,엄마,mom
1018,1019,없다,"none, no, not"
1019,1020,없이,without
1020,1021,에어컨,air conditioner
1021,1022,엔,yen
1022,1023,엘리베이터,elevator
1023,1024,여권,passport
1024,1025,여기,here
1025,1026,여기저기,here and there
1026,1027,여덟,8
1027,1028,여동생,younger sister
1028,1029,여든,80
1029,1030,여러,"various, many"
1030,1031,여러가지,"several, various"
1031,1032,여러분,"everyone, ladies and gentlemen"
1032,1033,여름,summer
1033,1034,여보세요,hello
1034,1035,여섯,6
1035,1036,여자,woman
1036,1037,여학생,female student
1037,1038,여행,travel
1038,1039,여행사,"travel agency, travel firm"
1039,1040,역,station
1040,1041,역사,history
1041,1042,연락처,contact information
1042,1043,연세,age (honorific form)
1043,1044,연습,practice
1044,1045,연습하다,practice
1045,1046,연예인,celebrity
1046,1047,연필,pencil
1047,1048,연휴,consecutive holidays
1048,1049,열,10
1049,1050,열다,open
1050,1051,열리다,be opened
1051,1052,열쇠,key
1052,1053,열심히,"hard, enthusiastic"
1053,1054,열차,train
1054,1055,엽서,postcard
1055,1056,영,"spirit, zero"
1056,1057,영국,The United Kingdom
1057,1058,영상,video
1058,1059,영어,English
1059,1060,영어회화,English conversation
1060,1061,영하,"minus, below zero"
1061,1062,영화,movie
1062,1063,영화관,movie theater
1063,1064,영화배우,movie star
1064,1065,영화표,movie ticket
1065,1066,옆,side
1066,1067,예,yes
1067,1068,예문,"example, model sentence"
1068,1069,예쁘다,"pretty, beautiful"
1069,1070,예순,60
1070,1071,예약,reservation
1071,1072,옛날,"a long ago, olden days"
1072,1073,오,5
1073,1074,오늘,today
1074,1075,오다,come
1075,1076,오래,"long, much"
1076,1077,오래간만,after a long time
1077,1078,오래간만입니다,Long time no see.
1078,1079,오랜만,after a long time
1079,1080,오랜만에,after a long time
1080,1081,오랫동안,for a long time
1081,1082,오렌지,orange
1082,1083,오르다,climb
1083,1084,오른쪽,"right side, right"
1084,1085,오리,duck
1085,1086,오빠,brother (as seen from the younger sister)
1086,1087,오십,50
1087,1088,오월,May
1088,1089,오이,cucumber
1089,1090,오전,"morning, a.m."
1090,1091,오징어,squid
1091,1092,오후,afternoon
1092,1093,올라가다,go up
1093,1094,올라오다,come up
1094,1095,올려놓다,"put on, place"
1095,1096,올림픽,olympic
1096,1097,올해,this year
1097,1098,옮기다,"move, transfer, translate"
1098,1099,옷,"dress, clothes"
1099,1100,옷가게,clothing store
1100,1101,옷장,closet
1101,1102,와이셔츠,shirt
1102,1103,왜,why
1103,1104,왜냐하면,because
1104,1105,외국,foreign country
1105,1106,외국어,foreign language
1106,1107,외국인,foreigner
1107,1108,외롭다,lonely
1108,1109,외삼촌,maternal uncle
1109,1110,외숙모,maternal aunt
1110,1111,외출하다,go out
1111,1112,외할머니,maternal grandmother
1112,1113,외할아버지,maternal grandfather
1113,1114,왼쪽,left
1114,1115,요금,fee
1115,1116,요르단,Jordan
1116,1117,요리,"cooking, cuisine"
1117,1118,요일,day of the week
1118,1119,요즘,"nowadays, around this time, lately"
1119,1120,우리,"we, us"
1120,1121,우리나라,"our country, South Korea"
1121,1122,우산,umbrella
1122,1123,우선,first
1123,1124,우유,milk
1124,1125,우체국,post office
1125,1126,우표,stamp
1126,1127,운동,exercise
1127,1128,운동복,"sportswear, gym clothes"
1128,1129,운동선수,athlete
1129,1130,운동장,"playground, athletic field"
1130,1131,운동하다,exercise
1131,1132,운동화,sports shoes
1132,1133,운전하다,drive
1133,1134,울다,cry
1134,1135,울리다,"make cry, chime"
1135,1136,움직이다,move
1136,1137,웃기다,"funny, make someone laugh"
1137,1138,웃다,laugh
1138,1139,원,won (currency units of Korea)
1139,1140,원피스,one-piece dress
1140,1141,원하다,"want, wish, desire"
1141,1142,월,month
1142,1143,월급,monthly salary
1143,1144,월드컵,world cup
1144,1145,월세,monthly rent
1145,1146,월요일,Monday
1146,1147,웬일,"for some reason, What was it?"
1147,1148,위,"top, up"
1148,1149,위치,"location, position"
1149,1150,위하다,"for, in favor of, for the sake of"
1150,1151,위험하다,dangerous
1151,1152,유럽,Europe
1152,1153,유리,glass
1153,1154,유명하다,famous
1154,1155,유월,June
1155,1156,유학,study abroad
1156,1157,유학생,"foreign student, international student"
1157,1158,유행,trend
1158,1159,육,6
1159,1160,육십,60
1160,1161,은행,bank
1161,1162,은행원,bank clerk
1162,1163,음료수,"drink, soft drink"
1163,1164,음반,record
1164,1165,음식,"food, cooking"
1165,1166,음악,music
1166,1167,음악가,musician
1167,1168,응,Yeah (answer)
1168,1169,의미,meaning
1169,1170,의사,doctor
1170,1171,의자,chair
1171,1172,이,"this, tooth, 2"
1172,1173,이거,this
1173,1174,이것,this
1174,1175,이곳,"this place, here"
1175,1176,이따가,later
1176,1177,이런,"this, such ~"
1177,1178,이렇게,"like this, so, in this way"
1178,1179,이렇다,like this
1179,1180,이름,name
1180,1181,이메일,e-mail
1181,1182,이모,maternal aunt
1182,1183,이모부,maternal uncle
1183,1184,이번,this time
1184,1185,이분,this person
1185,1186,이사,"move, moving"
1186,1187,이상,"more than, strange"
1187,1188,이상하다,"strange, funny, weird"
1188,1189,이십,20
1189,1190,이야기,story
1190,1191,이야기하다,talk
1191,1192,이용,usage
1192,1193,이용하다,use
1193,1194,이월,February
1194,1195,이유,reason
1195,1196,이제,now
1196,1197,이집트,Egypt
1197,1198,이쪽,"this way, here, this person"
1198,1199,이틀,two days
1199,1200,이해,understanding
1200,1201,이해하다,understand
1201,1202,인,"sign, ~ person(s)"
1202,1203,인구,population
1203,1204,인기,popularity
1204,1205,인기스타,popular star
1205,1206,인도,India
1206,1207,인사,greetings
1207,1208,인사하다,greet
1208,1209,인삼,ginseng
1209,1210,인상,impression
1210,1211,인천,Incheon
1211,1212,인터넷,internet
1212,1213,인터뷰하다,interview
1213,1214,인형,doll
1214,1215,일,"work, 1, day"
1215,1216,일곱,7
1216,1217,일기,diary
1217,1218,일기예보,weather forecast
1218,1219,일본,Japan
1219,1220,일본드라마,Japanese drama
1220,1221,일본말,Japanese language
1221,1222,일본사람,Japanese people
1222,1223,일본어,Japanese language
1223,1224,일본요리,Japanese food
1224,1225,일상생활,everyday life
1225,1226,일식,"Japanese style, Japanese food"
1226,1227,일어나다,"rise, stand, occur"
1227,1228,일어서다,"get up, stand up"
1228,1229,일요일,Sunday
1229,1230,일월,January
1230,1231,일주일,one week
1231,1232,일찍,early
1232,1233,일하다,work
1233,1234,일흔,70
1234,1235,읽기,reading
1235,1236,읽다,read
1236,1237,잃다,lose
1237,1238,잃어버리다,lose
1238,1239,입,mouth
1239,1240,입구,entrance
1240,1241,입다,"put on, wear"
1241,1242,입원하다,hospitalize
1242,1243,입학,admission
1243,1244,있다,"have, there"
1244,1245,잊다,forget
1245,1246,잊어버리다,forget
1246,1247,자,"character, Here we go."
1247,1248,자기,"myself, own"
1248,1249,자다,sleep
1249,1250,자동차,"car, automobile"
1250,1251,자동차회사,car company
1251,1252,자료,"material, document"
1252,1253,자르다,cut
1253,1254,자리,"seat, location"
1254,1255,자신,"myself, own"
1255,1256,자연,nature
1256,1257,자유,freedom
1257,1258,자장면,Jajangmyeon
1258,1259,자전거,bicycle
1259,1260,자주,often
1260,1261,작년,last year
1261,1262,작다,small
1262,1263,작은아버지,uncle
1263,1264,작은어머니,aunt
1264,1265,잔,"glass, ~ cup(s)"
1265,1266,잔치,"party, feast"
1266,1267,잘,well
1267,1268,잘못,mistake
1268,1269,잘생기다,handsome
1269,1270,잘하다,"do well, good at"
1270,1271,잠,"slumbers, sleep"
1271,1272,잠깐,"for a while, a little"
1272,1273,잠시,"for a bit, for a while, a little"
1273,1274,잠자다,"sleep, go to bed"
1274,1275,잡다,"catch, grab, hold"
1275,1276,잡수시다,eat (honorific form)
1276,1277,잡지,magazine
1277,1278,장,"~ chapter(s), ~ sheet(s)"
1278,1279,장갑,gloves
1279,1280,장마,rainy season
1280,1281,장마철,rainy season
1281,1282,장미,rose
1282,1283,장소,place
1283,1284,장점,advantage
1284,1285,재료,material
1285,1286,재미없다,"not funny, uninteresting"
1286,1287,재미있다,interesting
1287,1288,재킷,jacket
1288,1289,저,that
1289,1290,저거,that
1290,1291,저것,that
1291,1292,저곳,over there
1292,1293,저기,"there, over there"
1293,1294,저녁,"dinner, evening, night"
1294,1295,저녁식사,dinner
1295,1296,저렇게,"like that, in that way"
1296,1297,저분,that person
1297,1298,저쪽,"there, over there"
1298,1299,저희,we
1299,1300,적,enemy
1300,1301,적다,"be few, write down"
1301,1302,전,"all, before"
1302,1303,전공,major
1303,1304,전기자동차,electric car
1304,1305,전자사전,electronic dictionary
1305,1306,전하다,tell
1306,1307,전혀,not at all
1307,1308,전화,telephone
1308,1309,전화기,telephone
1309,1310,전화번호,phone number
1310,1311,절,"~ section(s), temple"
1311,1312,절대,"never, absolutely"
1312,1313,젊다,young
1313,1314,점,point
1314,1315,점수,"score, point"
1315,1316,점심,lunch
1316,1317,점심시간,lunchtime
1317,1318,점심식사,lunch
1318,1319,점원,clerk
1319,1320,점퍼,jacket
1320,1321,젓가락,chopsticks
1321,1322,정거장,"station, depot"
1322,1323,정도,degree
1323,1324,정류장,"station, bus stop"
1324,1325,정리하다,"straighten out, organize"
1325,1326,정말,"really, truly"
1326,1327,정문,"front door, main gate"
1327,1328,정보,information
1328,1329,정하다,"choose, establish"
1329,1330,제가,I
1330,1331,제목,title
1331,1332,제일,most
1332,1333,제주도,Jeju Island
1333,1334,조금,a little
1334,1335,조사하다,investigate
1335,1336,조선,"shipbuilding, Korea"
1336,1337,조선말,Korean language
1337,1338,조선어,Korean language
1338,1339,조심하다,"be careful, warn"
1339,1340,조용하다,"silent, quiet"
1340,1341,조용히,quietly
1341,1342,조카,nephew
1342,1343,졸업,graduation
1343,1344,졸업하다,graduate
1344,1345,좀,a little
1345,1346,좀더,a little more
1346,1347,좁다,narrow
1347,1348,종로,Jong-ro
1348,1349,종류,"kind, type"
1349,1350,종업원,employee
1350,1351,종이,paper
1351,1352,종일,all day
1352,1353,좋다,good
1353,1354,좋아하다,like
1354,1355,죄송하다,sorry
1355,1356,주,week
1356,1357,주다,give
1357,1358,주로,mainly
1358,1359,주말,weekend
1359,1360,주머니,"pocket, pouch"
1360,1361,주무시다,"sleep, rest"
1361,1362,주문하다,order
1362,1363,주변,around
1363,1364,주부,housewife
1364,1365,주사,injection
1365,1366,주소,address
1366,1367,주스,juice
1367,1368,주위,around
1368,1369,주인,owner
1369,1370,주차장,parking lot
1370,1371,주차하다,park
1371,1372,주황색,orange color
1372,1373,죽,"bamboo, porridge"
1373,1374,죽다,die
1374,1375,준비,preparation
1375,1376,준비하다,prepare
1376,1377,줄,"line, column, string"
1377,1378,줄다,"shrink, decrease"
1378,1379,중,"medium, during"
1379,1380,중국,China
1380,1381,중국어,Chinese
1381,1382,중국집,Chinese restaurant
1382,1383,중식,Chinese cuisine
1383,1384,중심,center
1384,1385,중요,importance
1385,1386,중요하다,important
1386,1387,중학교,"middle school, Junior high school"
1387,1388,중학생,middle school student
1388,1389,즐거워하다,have fun
1389,1390,즐겁다,"fun, be pleasant"
1390,1391,즐기다,"enjoy, have fun"
1391,1392,증세,"symptom, medical condition"
1392,1393,지각,"tardy, being late"
1393,1394,지갑,wallet
1394,1395,지금,now
1395,1396,지나다,pass by
1396,1397,지난달,last month
1397,1398,지난번,last time
1398,1399,지난주,last week
1399,1400,지내다,"stay, spend, live"
1400,1401,지다,lose
1401,1402,지도,map
1402,1403,지방,"fat, region"
1403,1404,지우개,eraser
1404,1405,지키다,protect
1405,1406,지하,underground
1406,1407,지하도,underpass
1407,1408,지하철,subway
1408,1409,지하철역,subway station
1409,1410,직업,"job, profession"
1410,1411,직원,"employee, staff"
1411,1412,직장,workplace
1412,1413,직접,"directly, direct"
1413,1414,진달래,azalea
1414,1415,질,quality
1415,1416,질문,question
1416,1417,질문하다,ask a question
1417,1418,짐,"load, baggage"
1418,1419,집,"house, shop"
1419,1420,짓다,"build, create"
1420,1421,짜다,"salty, make (the plan)"
1421,1422,짜리,a value (won coin)
1422,1423,짧다,short
1423,1424,쪽,"side, page"
1424,1425,쯤,"about, around ~"
1425,1426,찌개,"stew, soup"
1426,1427,찍다,"pierce, take (a photo), press"
1427,1428,차,"car, tea"
1428,1429,차갑다,cold
1429,1430,차다,kick
1430,1431,차리다,"prepare, arrange"
1431,1432,착하다,"be good, friendly"
1432,1433,참,"really, very"
1433,1434,창문,window
1434,1435,찾다,"find, visit"
1435,1436,찾아가다,go to visit
1436,1437,찾아오다,come to visit
1437,1438,채소,vegetable
1438,1439,책,book
1439,1440,책방,bookstore
1440,1441,책상,desk
1441,1442,책임,responsibility
1442,1443,책장,bookshelf
1443,1444,처음,"first, for the first time"
1444,1445,처음 뵙겠습니다,Nice to meet you.
1445,1446,천,1000
1446,1447,천천히,slowly
1447,1448,철,"iron, season"
1448,1449,첫,first
1449,1450,첫째,first
1450,1451,청바지,blue jeans
1451,1452,청소기,vacuum cleaner
1452,1453,청소하다,"sweep, clean"
1453,1454,초,~second(s)
1454,1455,초대하다,invite
1455,1456,초등학교,elementary school
1456,1457,초등학생,elementary student
1457,1458,초록색,green color
1458,1459,초콜릿,chocolate
1459,1460,촬영하다,take a picture
1460,1461,최고,"best, the highest"
1461,1462,추다,dance
1462,1463,추석,Chusoku (Korean Thanksgiving Day)
1463,1464,추억,memory
1464,1465,축구,"football, soccer"
1465,1466,축제,festival
1466,1467,축하,celebration
1467,1468,축하하다,celebrate
1468,1469,축하합니다,congratulations
1469,1470,출구,exit
1470,1471,출근하다,go to work
1471,1472,출발,"start, departure"
1472,1473,출발하다,depart
1473,1474,출장,business trip
1474,1475,춤,dance
1475,1476,춤추다,dance
1476,1477,춥다,cold
1477,1478,취미,hobby
1478,1479,취소하다,cancel
1479,1480,취직하다,get a job
1480,1481,층,"layer, ~ floor"
1481,1482,치과,"dentist, dentistry"
1482,1483,치료하다,treat
1483,1484,치마,skirt
1484,1485,치약,toothpaste
1485,1486,친구,friend
1486,1487,친절하다,be kind
1487,1488,친척,relative
1488,1489,친하다,"close, familiar"
1489,1490,칠,7
1490,1491,칠십,70
1491,1492,칠월,July
1492,1493,칠판,blackboard
1493,1494,침대,bed
1494,1495,칫솔,toothbrush
1495,1496,카드,card
1496,1497,카레,curry
1497,1498,카메라,camera
1498,1499,카페,"cafe, coffee shops"
1499,1500,칼,"knife, cutlery, swords"
1500,1501,캐나다,Canada
1501,1502,커피,coffee
1502,1503,커피숍,coffee shop
1503,1504,컴퓨터,"computer, PC"
1504,1505,컵,cup
1505,1506,케이크,cake
1506,1507,켜다,"turn on (the light, the power, etc.)"
1507,1508,코,nose
1508,1509,코트,coat
1509,1510,코피,nosebleed
1510,1511,콜라,Coke
1511,1512,콧노래,humming
1512,1513,콧물,"snot, nasal discharge"
1513,1514,콩,"bean, soy"
1514,1515,크기,size
1515,1516,크다,"big, large"
1516,1517,크리스마스,Christmas
1517,1518,큰아버지,uncle
1518,1519,큰어머니,aunt
1519,1520,키,"key, height"
1520,1521,킬로그램,kilogram
1521,1522,킬로미터,kilometer
1522,1523,타다,"ride, get on"
1523,1524,타월,towel
1524,1525,탁구,table tennis
1525,1526,태국,Thailand
1526,1527,태권도,Taekwondo
1527,1528,태어나다,be born
1528,1529,태풍,typhoon
1529,1530,택시,taxi
1530,1531,탤런트,entertainers
1531,1532,터미널,terminal
1532,1533,테니스,tennis
1533,1534,테이블,table
1534,1535,텔레비전,TV
1535,1536,토마토,tomato
1536,1537,토요일,Saturday
1537,1538,통,"barrel, ~ package(s)"
1538,1539,통장,"bank book, (deposit) passbook"
1539,1540,통하다,"pass, lead"
1540,1541,퇴근하다,leave the office
1541,1542,특별히,especially
1542,1543,특징,"characteristic, feature"
1543,1544,특히,"especially, in particular"
1544,1545,틀다,turn on (the switch)
1545,1546,틀리다,wrong
1546,1547,티셔츠,t-shirt
1547,1548,팀,team
1548,1549,파,"wave, green onion"
1549,1550,파란색,blue color
1550,1551,파랗다,blue
1551,1552,파티,party
1552,1553,팔,8
1553,1554,팔다,sell
1554,1555,팔리다,"sell, be sold"
1555,1556,팔십,80
1556,1557,팔월,August
1557,1558,패션,fashion
1558,1559,퍼센트,percent
1559,1560,페이지,page
1560,1561,펜,pen
1561,1562,펴다,"spread, stretch"
1562,1563,편,"side, episode"
1563,1564,편지,letter
1564,1565,편하다,"comfortable, easy, convenient"
1565,1566,평양,Pyongyang
1566,1567,평일,weekday
1567,1568,포도,grape
1568,1569,포장,packing
1569,1570,표,"table, ticket"
1570,1571,표현,expression
1571,1572,푹,deeply
1572,1573,풀,"pool, grass"
1573,1574,풀다,solve
1574,1575,프랑스,France
1575,1576,프로그램,program
1576,1577,프린트,print
1577,1578,피,blood
1578,1579,피곤하다,tired
1579,1580,피다,bloom
1580,1581,피아노,piano
1581,1582,피우다,"smoke, bloom"
1582,1583,피자,pizza
1583,1584,필름,film
1584,1585,필요,necessity
1585,1586,필요하다,need
1586,1587,필통,pencil case
1587,1588,하나,1
1588,1589,하늘,sky
1589,1590,하늘색,"sky blue, light blue"
1590,1591,하다,"do, say"
1591,1592,하루,one day
1592,1593,하숙,"boarding house, lodging house"
1593,1594,하숙집,"boarding house, lodging house"
1594,1595,하얀색,white color
1595,1596,하얗다,white
1596,1597,하지만,"but, however"
1597,1598,학,crane
1598,1599,학교,school
1599,1600,학기,semester
1600,1601,학년,"grade, school year"
1601,1602,학생,student
1602,1603,학생증,student ID card
1603,1604,학원,"academy, school"
1604,1605,한,"one, one of the ~"
1605,1606,한강,"Han River, Hangang"
1606,1607,한국,Korea
1607,1608,한국드라마,Korean drama
1608,1609,한국말,Korean language
1609,1610,한국사람,Korean people
1610,1611,한국어,Korean language
1611,1612,한국요리,Korean cuisine
1612,1613,한글,Hangul
1613,1614,한번,once
1614,1615,한복,"Hanbok, Korean traditional clothes"
1615,1616,한식,Korean cuisine
1616,1617,한자,Chinese character
1617,1618,할머니,grandmother
1618,1619,할아버지,grandfather
1619,1620,할인,"sale, discount"
1620,1621,함께,together
1621,1622,합격,pass
1622,1623,항상,always
1623,1624,해,"year, sun"
1624,1625,해외,overseas
1625,1626,해외여행,overseas trip
1626,1627,핸드폰,"cell phone, mobile phone"
1627,1628,햄버거,hamburger
1628,1629,햇빛,"sunshine, sunlight"
1629,1630,행복,happiness
1630,1631,행복하다,happy
1631,1632,행사,event
1632,1633,허리,"waist, hip"
1633,1634,현금,cash
1634,1635,현재,"now, current"
1635,1636,형,brother (as seen from the younger brother)
1636,1637,형님,big brother (honorific form)
1637,1638,형제,sibling
1638,1639,호,No. ~
1639,1640,호랑이,tiger
1640,1641,호주,Australia
1641,1642,호텔,hotel
1642,1643,혼자,alone
1643,1644,홈페이지,home page
1644,1645,홍차,black tea
1645,1646,화,anger
1646,1647,화가,"artist, painter"
1647,1648,화나다,angry
1648,1649,화내다,get angry
1649,1650,화요일,Tuesday
1650,1651,화장실,"restroom, toilet, lavatory"
1651,1652,화장품,cosmetics
1652,1653,화장하다,makeup
1653,1654,확인하다,"confirm, check"
1654,1655,환영하다,welcome
1655,1656,환자,patient
1656,1657,회사,company
1657,1658,회사원,employee
1658,1659,회색,grey
1659,1660,회의,conference
1660,1661,횡단보도,crosswalk
1661,1662,후,after
1662,1663,후배,Junior
1663,1664,휴가,"vacation, holiday"
1664,1665,휴대전화,"cell phone, mobile phone"
1665,1666,휴일,holiday
1666,1667,휴지,toilet paper
1667,1668,휴지통,trash can
1668,1669,흐리다,cloudy
1669,1670,흰색,white color
1670,1671,힘,power
